Station,Date,high,low,Diff,rank
Hòn Dấu,2026-01-01,3.8,0.5,3.3,13
Hòn Dấu,2026-01-02,4.0,0.4,3.6,8
Hòn Dấu,2026-01-03,4.2,0.3,3.9,1
Hòn Dấu,2026-01-04,4.1,0.3,3.8,3
Hòn Dấu,2026-01-05,4.1,0.4,3.7,5
Hòn Dấu,2026-01-06,3.9,0.4,3.5,10
Hòn Dấu,2026-01-07,3.7,0.6,3.1,15
Hòn Dấu,2026-01-08,3.5,0.7,2.8,19
Hòn Dấu,2026-01-09,3.3,0.7,2.6,22
Hòn Dấu,2026-01-10,3.1,0.8,2.3,26
Hòn Dấu,2026-01-11,3.0,0.9,2.1,30
Hòn Dấu,2026-01-12,3.0,0.9,2.1,30
Hòn Dấu,2026-01-13,3.2,0.7,2.5,23
Hòn Dấu,2026-01-14,3.4,0.7,2.7,20
Hòn Dấu,2026-01-15,3.7,0.5,3.2,14
Hòn Dấu,2026-01-16,3.9,0.5,3.4,11
Hòn Dấu,2026-01-17,4.1,0.4,3.7,5
Hòn Dấu,2026-01-18,4.2,0.4,3.8,3
Hòn Dấu,2026-01-19,4.2,0.3,3.9,1
Hòn Dấu,2026-01-20,4.1,0.4,3.7,5
Hòn Dấu,2026-01-21,3.9,0.5,3.4,11
Hòn Dấu,2026-01-22,3.7,0.6,3.1,15
Hòn Dấu,2026-01-23,3.4,0.7,2.7,20
Hòn Dấu,2026-01-24,3.2,0.8,2.4,24
Hòn Dấu,2026-01-25,3.1,0.9,2.2,28
Hòn Dấu,2026-01-26,3.0,0.8,2.2,28
Hòn Dấu,2026-01-27,3.1,0.8,2.3,26
Hòn Dấu,2026-01-28,3.2,0.8,2.4,24
Hòn Dấu,2026-01-29,3.5,0.6,2.9,18
Hòn Dấu,2026-01-30,3.7,0.6,3.1,15
Hòn Dấu,2026-01-31,4.0,0.4,3.6,8
Hòn Dấu,2026-02-01,4.1,0.4,3.7,5
Hòn Dấu,2026-02-02,4.2,0.3,3.9,1
Hòn Dấu,2026-02-03,4.2,0.3,3.9,1
Hòn Dấu,2026-02-04,4.0,0.4,3.6,7
Hòn Dấu,2026-02-05,3.8,0.5,3.3,10
Hòn Dấu,2026-02-06,3.6,0.6,3.0,13
Hòn Dấu,2026-02-07,3.3,0.7,2.6,17
Hòn Dấu,2026-02-08,3.2,0.8,2.4,21
Hòn Dấu,2026-02-09,3.0,0.9,2.1,26
Hòn Dấu,2026-02-10,3.0,0.9,2.1,26
Hòn Dấu,2026-02-11,3.2,0.8,2.4,21
Hòn Dấu,2026-02-12,3.3,0.8,2.5,19
Hòn Dấu,2026-02-13,3.5,0.7,2.8,16
Hòn Dấu,2026-02-14,3.8,0.5,3.3,10
Hòn Dấu,2026-02-15,4.0,0.4,3.6,7
Hòn Dấu,2026-02-16,4.1,0.3,3.8,4
Hòn Dấu,2026-02-17,4.2,0.3,3.9,1
Hòn Dấu,2026-02-18,4.1,0.4,3.7,5
Hòn Dấu,2026-02-19,4.0,0.4,3.6,7
Hòn Dấu,2026-02-20,3.8,0.5,3.3,10
Hòn Dấu,2026-02-21,3.5,0.6,2.9,15
Hòn Dấu,2026-02-22,3.3,0.8,2.5,19
Hòn Dấu,2026-02-23,3.1,0.9,2.2,24
Hòn Dấu,2026-02-24,3.0,0.9,2.1,26
Hòn Dấu,2026-02-25,3.0,0.8,2.2,24
Hòn Dấu,2026-02-26,3.1,0.8,2.3,23
Hòn Dấu,2026-02-27,3.3,0.7,2.6,17
Hòn Dấu,2026-02-28,3.6,0.6,3.0,13
Hòn Dấu,2026-03-01,3.9,0.5,3.4,11
Hòn Dấu,2026-03-02,4.0,0.4,3.6,8
Hòn Dấu,2026-03-03,4.1,0.4,3.7,4
Hòn Dấu,2026-03-04,4.2,0.3,3.9,1
Hòn Dấu,2026-03-05,4.1,0.4,3.7,4
Hòn Dấu,2026-03-06,3.9,0.4,3.5,9
Hòn Dấu,2026-03-07,3.7,0.6,3.1,14
Hòn Dấu,2026-03-08,3.4,0.7,2.7,19
Hòn Dấu,2026-03-09,3.2,0.8,2.4,23
Hòn Dấu,2026-03-10,3.1,0.8,2.3,26
Hòn Dấu,2026-03-11,3.0,0.9,2.1,30
Hòn Dấu,2026-03-12,3.1,0.9,2.2,29
Hòn Dấu,2026-03-13,3.2,0.8,2.4,23
Hòn Dấu,2026-03-14,3.4,0.7,2.7,19
Hòn Dấu,2026-03-15,3.6,0.6,3.0,16
Hòn Dấu,2026-03-16,3.9,0.5,3.4,11
Hòn Dấu,2026-03-17,4.1,0.4,3.7,4
Hòn Dấu,2026-03-18,4.1,0.3,3.8,3
Hòn Dấu,2026-03-19,4.2,0.3,3.9,1
Hòn Dấu,2026-03-20,4.1,0.4,3.7,4
Hòn Dấu,2026-03-21,3.8,0.5,3.3,13
Hòn Dấu,2026-03-22,3.6,0.6,3.0,16
Hòn Dấu,2026-03-23,3.4,0.7,2.7,19
Hòn Dấu,2026-03-24,3.2,0.8,2.4,23
Hòn Dấu,2026-03-25,3.1,0.8,2.3,26
Hòn Dấu,2026-03-26,3.0,0.9,2.1,30
Hòn Dấu,2026-03-27,3.1,0.8,2.3,26
Hòn Dấu,2026-03-28,3.3,0.8,2.5,22
Hòn Dấu,2026-03-29,3.5,0.7,2.8,18
Hòn Dấu,2026-03-30,3.7,0.6,3.1,14
Hòn Dấu,2026-03-31,3.9,0.4,3.5,9
Hòn Dấu,2026-04-01,4.1,0.3,3.8,4
Hòn Dấu,2026-04-02,4.2,0.3,3.9,1
Hòn Dấu,2026-04-03,4.2,0.3,3.9,1
Hòn Dấu,2026-04-04,4.0,0.4,3.6,7
Hòn Dấu,2026-04-05,3.8,0.5,3.3,11
Hòn Dấu,2026-04-06,3.6,0.6,3.0,15
Hòn Dấu,2026-04-07,3.4,0.7,2.7,19
Hòn Dấu,2026-04-08,3.1,0.8,2.3,25
Hòn Dấu,2026-04-09,3.1,0.9,2.2,27
Hòn Dấu,2026-04-10,3.0,0.9,2.1,29
Hòn Dấu,2026-04-11,3.2,0.8,2.4,23
Hòn Dấu,2026-04-12,3.3,0.7,2.6,21
Hòn Dấu,2026-04-13,3.5,0.6,2.9,17
Hòn Dấu,2026-04-14,3.8,0.5,3.3,11
Hòn Dấu,2026-04-15,4.0,0.4,3.6,7
Hòn Dấu,2026-04-16,4.1,0.4,3.7,6
Hòn Dấu,2026-04-17,4.2,0.3,3.9,1
Hòn Dấu,2026-04-18,4.1,0.3,3.8,4
Hòn Dấu,2026-04-19,4.0,0.4,3.6,7
Hòn Dấu,2026-04-20,3.7,0.6,3.1,14
Hòn Dấu,2026-04-21,3.5,0.6,2.9,17
Hòn Dấu,2026-04-22,3.3,0.7,2.6,21
Hòn Dấu,2026-04-23,3.1,0.8,2.3,25
Hòn Dấu,2026-04-24,3.0,0.9,2.1,29
Hòn Dấu,2026-04-25,3.1,0.9,2.2,27
Hòn Dấu,2026-04-26,3.2,0.8,2.4,23
Hòn Dấu,2026-04-27,3.4,0.7,2.7,19
Hòn Dấu,2026-04-28,3.6,0.6,3.0,15
Hòn Dấu,2026-04-29,3.8,0.5,3.3,11
Hòn Dấu,2026-04-30,4.0,0.4,3.6,7
Hòn Dấu,2026-05-01,4.1,0.4,3.7,4
Hòn Dấu,2026-05-02,4.2,0.3,3.9,1
Hòn Dấu,2026-05-03,4.1,0.4,3.7,4
Hòn Dấu,2026-05-04,4.0,0.4,3.6,9
Hòn Dấu,2026-05-05,3.7,0.6,3.1,15
Hòn Dấu,2026-05-06,3.5,0.7,2.8,19
Hòn Dấu,2026-05-07,3.3,0.8,2.5,22
Hòn Dấu,2026-05-08,3.1,0.9,2.2,27
Hòn Dấu,2026-05-09,3.0,0.9,2.1,31
Hòn Dấu,2026-05-10,3.1,0.9,2.2,27
Hòn Dấu,2026-05-11,3.2,0.8,2.4,23
Hòn Dấu,2026-05-12,3.4,0.7,2.7,20
Hòn Dấu,2026-05-13,3.6,0.6,3.0,17
Hòn Dấu,2026-05-14,3.8,0.5,3.3,13
Hòn Dấu,2026-05-15,4.0,0.4,3.6,9
Hòn Dấu,2026-05-16,4.1,0.4,3.7,4
Hòn Dấu,2026-05-17,4.1,0.3,3.8,2
Hòn Dấu,2026-05-18,4.1,0.4,3.7,4
Hòn Dấu,2026-05-19,3.9,0.5,3.4,12
Hòn Dấu,2026-05-20,3.7,0.6,3.1,15
Hòn Dấu,2026-05-21,3.4,0.7,2.7,20
Hòn Dấu,2026-05-22,3.2,0.8,2.4,23
Hòn Dấu,2026-05-23,3.0,0.8,2.2,27
Hòn Dấu,2026-05-24,3.0,0.8,2.2,27
Hòn Dấu,2026-05-25,3.1,0.8,2.3,26
Hòn Dấu,2026-05-26,3.2,0.8,2.4,23
Hòn Dấu,2026-05-27,3.5,0.6,2.9,18
Hòn Dấu,2026-05-28,3.7,0.5,3.2,14
Hòn Dấu,2026-05-29,3.9,0.4,3.5,11
Hòn Dấu,2026-05-30,4.1,0.4,3.7,4
Hòn Dấu,2026-05-31,4.1,0.3,3.8,2
Hòn Dấu,2026-06-01,4.2,0.3,3.9,1
Hòn Dấu,2026-06-02,4.0,0.4,3.6,7
Hòn Dấu,2026-06-03,3.8,0.5,3.3,11
Hòn Dấu,2026-06-04,3.6,0.6,3.0,15
Hòn Dấu,2026-06-05,3.3,0.7,2.6,20
Hòn Dấu,2026-06-06,3.1,0.8,2.3,23
Hòn Dấu,2026-06-07,3.1,0.9,2.2,27
Hòn Dấu,2026-06-08,3.0,0.9,2.1,29
Hòn Dấu,2026-06-09,3.1,0.8,2.3,23
Hòn Dấu,2026-06-10,3.3,0.7,2.6,20
Hòn Dấu,2026-06-11,3.5,0.7,2.8,18
Hòn Dấu,2026-06-12,3.8,0.6,3.2,14
Hòn Dấu,2026-06-13,4.0,0.4,3.6,7
Hòn Dấu,2026-06-14,4.1,0.3,3.8,3
Hòn Dấu,2026-06-15,4.2,0.3,3.9,1
Hòn Dấu,2026-06-16,4.1,0.3,3.8,3
Hòn Dấu,2026-06-17,4.0,0.5,3.5,10
Hòn Dấu,2026-06-18,3.8,0.5,3.3,11
Hòn Dấu,2026-06-19,3.6,0.6,3.0,15
Hòn Dấu,2026-06-20,3.3,0.8,2.5,22
Hòn Dấu,2026-06-21,3.1,0.8,2.3,23
Hòn Dấu,2026-06-22,3.0,0.9,2.1,29
Hòn Dấu,2026-06-23,3.1,0.9,2.2,27
Hòn Dấu,2026-06-24,3.1,0.8,2.3,23
Hòn Dấu,2026-06-25,3.4,0.7,2.7,19
Hòn Dấu,2026-06-26,3.6,0.6,3.0,15
Hòn Dấu,2026-06-27,3.8,0.5,3.3,11
Hòn Dấu,2026-06-28,4.0,0.4,3.6,7
Hòn Dấu,2026-06-29,4.1,0.3,3.8,3
Hòn Dấu,2026-06-30,4.1,0.3,3.8,3
Hòn Dấu,2026-07-01,4.1,0.4,3.7,5
Hòn Dấu,2026-07-02,4.0,0.4,3.6,8
Hòn Dấu,2026-07-03,3.7,0.5,3.2,14
Hòn Dấu,2026-07-04,3.5,0.6,2.9,18
Hòn Dấu,2026-07-05,3.2,0.8,2.4,22
Hòn Dấu,2026-07-06,3.1,0.9,2.2,27
Hòn Dấu,2026-07-07,3.0,0.9,2.1,30
Hòn Dấu,2026-07-08,3.1,0.9,2.2,27
Hòn Dấu,2026-07-09,3.2,0.8,2.4,22
Hòn Dấu,2026-07-10,3.4,0.7,2.7,20
Hòn Dấu,2026-07-11,3.6,0.6,3.0,17
Hòn Dấu,2026-07-12,3.9,0.5,3.4,12
Hòn Dấu,2026-07-13,4.0,0.4,3.6,8
Hòn Dấu,2026-07-14,4.2,0.4,3.8,2
Hòn Dấu,2026-07-15,4.1,0.3,3.8,2
Hòn Dấu,2026-07-16,4.1,0.4,3.7,5
Hòn Dấu,2026-07-17,3.9,0.4,3.5,11
Hòn Dấu,2026-07-18,3.7,0.6,3.1,15
Hòn Dấu,2026-07-19,3.4,0.7,2.7,20
Hòn Dấu,2026-07-20,3.2,0.8,2.4,22
Hòn Dấu,2026-07-21,3.1,0.9,2.2,27
Hòn Dấu,2026-07-22,3.0,0.9,2.1,30
Hòn Dấu,2026-07-23,3.1,0.8,2.3,26
Hòn Dấu,2026-07-24,3.2,0.8,2.4,22
Hòn Dấu,2026-07-25,3.5,0.7,2.8,19
Hòn Dấu,2026-07-26,3.7,0.6,3.1,15
Hòn Dấu,2026-07-27,3.9,0.5,3.4,12
Hòn Dấu,2026-07-28,4.1,0.4,3.7,5
Hòn Dấu,2026-07-29,4.1,0.3,3.8,2
Hòn Dấu,2026-07-30,4.2,0.3,3.9,1
Hòn Dấu,2026-07-31,4.0,0.4,3.6,8
Hòn Dấu,2026-08-01,3.8,0.5,3.3,11
Hòn Dấu,2026-08-02,3.6,0.6,3.0,16
Hòn Dấu,2026-08-03,3.4,0.7,2.7,20
Hòn Dấu,2026-08-04,3.2,0.8,2.4,24
Hòn Dấu,2026-08-05,3.1,0.8,2.3,26
Hòn Dấu,2026-08-06,3.0,0.9,2.1,29
Hòn Dấu,2026-08-07,3.1,0.8,2.3,26
Hòn Dấu,2026-08-08,3.3,0.8,2.5,23
Hòn Dấu,2026-08-09,3.5,0.7,2.8,19
Hòn Dấu,2026-08-10,3.7,0.5,3.2,14
Hòn Dấu,2026-08-11,3.9,0.4,3.5,10
Hòn Dấu,2026-08-12,4.1,0.3,3.8,3
Hòn Dấu,2026-08-13,4.2,0.3,3.9,1
Hòn Dấu,2026-08-14,4.1,0.4,3.7,5
Hòn Dấu,2026-08-15,4.0,0.4,3.6,7
Hòn Dấu,2026-08-16,3.8,0.5,3.3,11
Hòn Dấu,2026-08-17,3.6,0.6,3.0,16
Hòn Dấu,2026-08-18,3.3,0.7,2.6,21
Hòn Dấu,2026-08-19,3.1,0.8,2.3,26
Hòn Dấu,2026-08-20,3.0,0.9,2.1,29
Hòn Dấu,2026-08-21,2.9,1.0,1.9,31
Hòn Dấu,2026-08-22,3.2,0.8,2.4,24
Hòn Dấu,2026-08-23,3.3,0.7,2.6,21
Hòn Dấu,2026-08-24,3.6,0.6,3.0,16
Hòn Dấu,2026-08-25,3.8,0.5,3.3,11
Hòn Dấu,2026-08-26,4.0,0.4,3.6,7
Hòn Dấu,2026-08-27,4.1,0.3,3.8,3
Hòn Dấu,2026-08-28,4.2,0.3,3.9,1
Hòn Dấu,2026-08-29,4.1,0.4,3.7,5
Hòn Dấu,2026-08-30,4.0,0.4,3.6,7
Hòn Dấu,2026-08-31,3.7,0.5,3.2,14
Hòn Dấu,2026-09-01,3.5,0.7,2.8,17
Hòn Dấu,2026-09-02,3.3,0.8,2.5,21
Hòn Dấu,2026-09-03,3.1,0.8,2.3,25
Hòn Dấu,2026-09-04,3.0,0.9,2.1,28
Hòn Dấu,2026-09-05,3.1,0.8,2.3,25
Hòn Dấu,2026-09-06,3.2,0.8,2.4,23
Hòn Dấu,2026-09-07,3.4,0.7,2.7,20
Hòn Dấu,2026-09-08,3.6,0.6,3.0,15
Hòn Dấu,2026-09-09,3.8,0.5,3.3,11
Hòn Dấu,2026-09-10,4.0,0.4,3.6,7
Hòn Dấu,2026-09-11,4.1,0.4,3.7,4
Hòn Dấu,2026-09-12,4.2,0.3,3.9,1
Hòn Dấu,2026-09-13,4.1,0.4,3.7,4
Hòn Dấu,2026-09-14,3.9,0.5,3.4,10
Hòn Dấu,2026-09-15,3.6,0.5,3.1,14
Hòn Dấu,2026-09-16,3.5,0.7,2.8,17
Hòn Dấu,2026-09-17,3.2,0.8,2.4,23
Hòn Dấu,2026-09-18,3.1,0.9,2.2,27
Hòn Dấu,2026-09-19,3.0,0.9,2.1,28
Hòn Dấu,2026-09-20,3.0,0.9,2.1,28
Hòn Dấu,2026-09-21,3.3,0.8,2.5,21
Hòn Dấu,2026-09-22,3.5,0.7,2.8,17
Hòn Dấu,2026-09-23,3.7,0.5,3.2,13
Hòn Dấu,2026-09-24,3.9,0.4,3.5,9
Hòn Dấu,2026-09-25,4.0,0.3,3.7,4
Hòn Dấu,2026-09-26,4.1,0.3,3.8,2
Hòn Dấu,2026-09-27,4.1,0.3,3.8,2
Hòn Dấu,2026-09-28,4.0,0.4,3.6,7
Hòn Dấu,2026-09-29,3.8,0.5,3.3,11
Hòn Dấu,2026-09-30,3.6,0.6,3.0,15
Hòn Dấu,2026-10-01,3.4,0.7,2.7,19
Hòn Dấu,2026-10-02,3.2,0.8,2.4,24
Hòn Dấu,2026-10-03,3.1,0.8,2.3,26
Hòn Dấu,2026-10-04,3.0,0.9,2.1,31
Hòn Dấu,2026-10-05,3.1,0.8,2.3,26
Hòn Dấu,2026-10-06,3.3,0.8,2.5,23
Hòn Dấu,2026-10-07,3.5,0.7,2.8,17
Hòn Dấu,2026-10-08,3.7,0.5,3.2,13
Hòn Dấu,2026-10-09,3.9,0.4,3.5,9
Hòn Dấu,2026-10-10,4.1,0.3,3.8,2
Hòn Dấu,2026-10-11,4.2,0.3,3.9,1
Hòn Dấu,2026-10-12,4.2,0.4,3.8,2
Hòn Dấu,2026-10-13,4.0,0.4,3.6,7
Hòn Dấu,2026-10-14,3.8,0.5,3.3,11
Hòn Dấu,2026-10-15,3.6,0.6,3.0,15
Hòn Dấu,2026-10-16,3.3,0.7,2.6,20
Hòn Dấu,2026-10-17,3.2,0.8,2.4,24
Hòn Dấu,2026-10-18,3.1,0.9,2.2,29
Hòn Dấu,2026-10-19,3.1,0.9,2.2,29
Hòn Dấu,2026-10-20,3.1,0.8,2.3,26
Hòn Dấu,2026-10-21,3.3,0.7,2.6,20
Hòn Dấu,2026-10-22,3.5,0.6,2.9,16
Hòn Dấu,2026-10-23,3.8,0.5,3.3,11
Hòn Dấu,2026-10-24,4.0,0.4,3.6,7
Hòn Dấu,2026-10-25,4.1,0.4,3.7,5
Hòn Dấu,2026-10-26,4.2,0.4,3.8,2
Hòn Dấu,2026-10-27,4.1,0.4,3.7,5
Hòn Dấu,2026-10-28,3.9,0.4,3.5,9
Hòn Dấu,2026-10-29,3.7,0.5,3.2,13
Hòn Dấu,2026-10-30,3.5,0.7,2.8,17
Hòn Dấu,2026-10-31,3.3,0.7,2.6,20
Hòn Dấu,2026-11-01,3.1,0.8,2.3,25
Hòn Dấu,2026-11-02,3.0,0.9,2.1,30
Hòn Dấu,2026-11-03,3.1,0.8,2.3,25
Hòn Dấu,2026-11-04,3.2,0.8,2.4,21
Hòn Dấu,2026-11-05,3.4,0.7,2.7,17
Hòn Dấu,2026-11-06,3.6,0.6,3.0,15
Hòn Dấu,2026-11-07,3.8,0.5,3.3,12
Hòn Dấu,2026-11-08,4.1,0.4,3.7,5
Hòn Dấu,2026-11-09,4.2,0.4,3.8,2
Hòn Dấu,2026-11-10,4.2,0.4,3.8,2
Hòn Dấu,2026-11-11,4.1,0.4,3.7,5
Hòn Dấu,2026-11-12,3.9,0.5,3.4,9
Hòn Dấu,2026-11-13,3.7,0.6,3.1,13
Hòn Dấu,2026-11-14,3.4,0.7,2.7,17
Hòn Dấu,2026-11-15,3.2,0.8,2.4,21
Hòn Dấu,2026-11-16,3.1,0.8,2.3,25
Hòn Dấu,2026-11-17,3.1,0.9,2.2,28
Hòn Dấu,2026-11-18,3.1,0.9,2.2,28
Hòn Dấu,2026-11-19,3.2,0.8,2.4,21
Hòn Dấu,2026-11-20,3.4,0.7,2.7,17
Hòn Dấu,2026-11-21,3.7,0.6,3.1,13
Hòn Dấu,2026-11-22,3.9,0.5,3.4,9
Hòn Dấu,2026-11-23,4.0,0.4,3.6,7
Hòn Dấu,2026-11-24,4.2,0.3,3.9,1
Hòn Dấu,2026-11-25,4.2,0.4,3.8,2
Hòn Dấu,2026-11-26,4.0,0.4,3.6,7
Hòn Dấu,2026-11-27,3.9,0.5,3.4,9
Hòn Dấu,2026-11-28,3.6,0.6,3.0,15
Hòn Dấu,2026-11-29,3.4,0.7,2.7,17
Hòn Dấu,2026-11-30,3.2,0.8,2.4,21
Hòn Dấu,2026-12-01,3.1,0.9,2.2,27
Hòn Dấu,2026-12-02,3.0,0.9,2.1,29
Hòn Dấu,2026-12-03,3.1,0.8,2.3,24
Hòn Dấu,2026-12-04,3.3,0.8,2.5,22
Hòn Dấu,2026-12-05,3.5,0.7,2.8,18
Hòn Dấu,2026-12-06,3.7,0.5,3.2,14
Hòn Dấu,2026-12-07,3.9,0.4,3.5,9
Hòn Dấu,2026-12-08,4.1,0.4,3.7,5
Hòn Dấu,2026-12-09,4.2,0.4,3.8,3
Hòn Dấu,2026-12-10,4.2,0.3,3.9,1
Hòn Dấu,2026-12-11,4.0,0.4,3.6,7
Hòn Dấu,2026-12-12,3.8,0.5,3.3,11
Hòn Dấu,2026-12-13,3.6,0.6,3.0,15
Hòn Dấu,2026-12-14,3.3,0.7,2.6,19
Hòn Dấu,2026-12-15,3.2,0.8,2.4,23
Hòn Dấu,2026-12-16,3.1,0.9,2.2,27
Hòn Dấu,2026-12-17,3.0,0.9,2.1,29
Hòn Dấu,2026-12-18,3.1,0.8,2.3,24
Hòn Dấu,2026-12-19,3.3,0.7,2.6,19
Hòn Dấu,2026-12-20,3.5,0.6,2.9,16
Hòn Dấu,2026-12-21,3.8,0.5,3.3,11
Hòn Dấu,2026-12-22,4.0,0.4,3.6,7
Hòn Dấu,2026-12-23,4.1,0.3,3.8,3
Hòn Dấu,2026-12-24,4.2,0.3,3.9,1
Hòn Dấu,2026-12-25,4.1,0.4,3.7,5
Hòn Dấu,2026-12-26,4.0,0.5,3.5,9
Hòn Dấu,2026-12-27,3.8,0.5,3.3,11
Hòn Dấu,2026-12-28,3.5,0.6,2.9,16
Hòn Dấu,2026-12-29,3.3,0.7,2.6,19
Hòn Dấu,2026-12-30,3.1,0.8,2.3,24
Hòn Dấu,2026-12-31,3.0,0.9,2.1,29
Hồng Gai,2026-01-01,4.2,0.3,3.9,11
Hồng Gai,2026-01-02,4.5,0.2,4.3,6
Hồng Gai,2026-01-03,4.5,0.1,4.4,3
Hồng Gai,2026-01-04,4.6,0.1,4.5,1
Hồng Gai,2026-01-05,4.5,0.1,4.4,3
Hồng Gai,2026-01-06,4.3,0.2,4.1,9
Hồng Gai,2026-01-07,4.0,0.4,3.6,14
Hồng Gai,2026-01-08,3.7,0.5,3.2,18
Hồng Gai,2026-01-09,3.5,0.6,2.9,22
Hồng Gai,2026-01-10,3.3,0.7,2.6,26
Hồng Gai,2026-01-11,3.2,0.7,2.5,30
Hồng Gai,2026-01-12,3.3,0.7,2.6,26
Hồng Gai,2026-01-13,3.5,0.6,2.9,22
Hồng Gai,2026-01-14,3.7,0.5,3.2,18
Hồng Gai,2026-01-15,4.0,0.4,3.6,14
Hồng Gai,2026-01-16,4.2,0.3,3.9,11
Hồng Gai,2026-01-17,4.4,0.2,4.2,8
Hồng Gai,2026-01-18,4.6,0.1,4.5,1
Hồng Gai,2026-01-19,4.5,0.1,4.4,3
Hồng Gai,2026-01-20,4.4,0.1,4.3,6
Hồng Gai,2026-01-21,4.2,0.3,3.9,11
Hồng Gai,2026-01-22,3.9,0.4,3.5,17
Hồng Gai,2026-01-23,3.7,0.5,3.2,18
Hồng Gai,2026-01-24,3.4,0.6,2.8,25
Hồng Gai,2026-01-25,3.3,0.7,2.6,26
Hồng Gai,2026-01-26,3.2,0.7,2.5,30
Hồng Gai,2026-01-27,3.3,0.7,2.6,26
Hồng Gai,2026-01-28,3.5,0.6,2.9,22
Hồng Gai,2026-01-29,3.7,0.5,3.2,18
Hồng Gai,2026-01-30,4.0,0.4,3.6,14
Hồng Gai,2026-01-31,4.3,0.2,4.1,9
Hồng Gai,2026-02-01,4.5,0.1,4.4,2
Hồng Gai,2026-02-02,4.6,0.1,4.5,1
Hồng Gai,2026-02-03,4.5,0.1,4.4,2
Hồng Gai,2026-02-04,4.4,0.2,4.2,7
Hồng Gai,2026-02-05,4.1,0.3,3.8,10
Hồng Gai,2026-02-06,3.9,0.4,3.5,13
Hồng Gai,2026-02-07,3.6,0.5,3.1,17
Hồng Gai,2026-02-08,3.4,0.7,2.7,22
Hồng Gai,2026-02-09,3.3,0.7,2.6,24
Hồng Gai,2026-02-10,3.2,0.7,2.5,27
Hồng Gai,2026-02-11,3.3,0.7,2.6,24
Hồng Gai,2026-02-12,3.6,0.6,3.0,18
Hồng Gai,2026-02-13,3.8,0.4,3.4,15
Hồng Gai,2026-02-14,4.1,0.3,3.8,10
Hồng Gai,2026-02-15,4.3,0.2,4.1,9
Hồng Gai,2026-02-16,4.5,0.1,4.4,2
Hồng Gai,2026-02-17,4.5,0.1,4.4,2
Hồng Gai,2026-02-18,4.5,0.1,4.4,2
Hồng Gai,2026-02-19,4.4,0.2,4.2,7
Hồng Gai,2026-02-20,4.1,0.3,3.8,10
Hồng Gai,2026-02-21,3.8,0.4,3.4,15
Hồng Gai,2026-02-22,3.6,0.6,3.0,18
Hồng Gai,2026-02-23,3.4,0.7,2.7,22
Hồng Gai,2026-02-24,3.2,0.7,2.5,27
Hồng Gai,2026-02-25,3.3,0.7,2.6,24
Hồng Gai,2026-02-26,3.4,0.6,2.8,21
Hồng Gai,2026-02-27,3.6,0.6,3.0,18
Hồng Gai,2026-02-28,3.9,0.4,3.5,13
Hồng Gai,2026-03-01,4.2,0.3,3.9,13
Hồng Gai,2026-03-02,4.4,0.2,4.2,8
Hồng Gai,2026-03-03,4.5,0.1,4.4,4
Hồng Gai,2026-03-04,4.6,0.1,4.5,1
Hồng Gai,2026-03-05,4.5,0.1,4.4,4
Hồng Gai,2026-03-06,4.3,0.3,4.0,10
Hồng Gai,2026-03-07,4.0,0.3,3.7,14
Hồng Gai,2026-03-08,3.7,0.5,3.2,19
Hồng Gai,2026-03-09,3.5,0.6,2.9,22
Hồng Gai,2026-03-10,3.3,0.7,2.6,26
Hồng Gai,2026-03-11,3.2,0.7,2.5,30
Hồng Gai,2026-03-12,3.3,0.7,2.6,26
Hồng Gai,2026-03-13,3.5,0.6,2.9,22
Hồng Gai,2026-03-14,3.6,0.5,3.1,21
Hồng Gai,2026-03-15,3.9,0.4,3.5,17
Hồng Gai,2026-03-16,4.2,0.2,4.0,10
Hồng Gai,2026-03-17,4.4,0.1,4.3,6
Hồng Gai,2026-03-18,4.6,0.1,4.5,1
Hồng Gai,2026-03-19,4.6,0.1,4.5,1
Hồng Gai,2026-03-20,4.5,0.2,4.3,6
Hồng Gai,2026-03-21,4.2,0.2,4.0,10
Hồng Gai,2026-03-22,4.0,0.4,3.6,16
Hồng Gai,2026-03-23,3.7,0.5,3.2,19
Hồng Gai,2026-03-24,3.4,0.6,2.8,25
Hồng Gai,2026-03-25,3.3,0.7,2.6,26
Hồng Gai,2026-03-26,3.2,0.7,2.5,30
Hồng Gai,2026-03-27,3.3,0.7,2.6,26
Hồng Gai,2026-03-28,3.5,0.6,2.9,22
Hồng Gai,2026-03-29,3.8,0.5,3.3,18
Hồng Gai,2026-03-30,4.0,0.3,3.7,14
Hồng Gai,2026-03-31,4.3,0.2,4.1,9
Hồng Gai,2026-04-01,4.5,0.2,4.3,6
Hồng Gai,2026-04-02,4.5,0.1,4.4,2
Hồng Gai,2026-04-03,4.5,0.1,4.4,2
Hồng Gai,2026-04-04,4.4,0.2,4.2,8
Hồng Gai,2026-04-05,4.1,0.2,3.9,11
Hồng Gai,2026-04-06,3.9,0.4,3.5,15
Hồng Gai,2026-04-07,3.6,0.6,3.0,21
Hồng Gai,2026-04-08,3.4,0.6,2.8,23
Hồng Gai,2026-04-09,3.3,0.7,2.6,27
Hồng Gai,2026-04-10,3.2,0.7,2.5,29
Hồng Gai,2026-04-11,3.3,0.6,2.7,25
Hồng Gai,2026-04-12,3.6,0.5,3.1,19
Hồng Gai,2026-04-13,3.8,0.5,3.3,18
Hồng Gai,2026-04-14,4.1,0.3,3.8,13
Hồng Gai,2026-04-15,4.3,0.2,4.1,10
Hồng Gai,2026-04-16,4.5,0.1,4.4,2
Hồng Gai,2026-04-17,4.6,0.1,4.5,1
Hồng Gai,2026-04-18,4.5,0.1,4.4,2
Hồng Gai,2026-04-19,4.4,0.2,4.2,8
Hồng Gai,2026-04-20,4.1,0.3,3.8,13
Hồng Gai,2026-04-21,3.8,0.4,3.4,17
Hồng Gai,2026-04-22,3.5,0.5,3.0,21
Hồng Gai,2026-04-23,3.4,0.6,2.8,23
Hồng Gai,2026-04-24,3.3,0.7,2.6,27
Hồng Gai,2026-04-25,3.2,0.7,2.5,29
Hồng Gai,2026-04-26,3.4,0.7,2.7,25
Hồng Gai,2026-04-27,3.6,0.5,3.1,19
Hồng Gai,2026-04-28,3.9,0.4,3.5,15
Hồng Gai,2026-04-29,4.2,0.3,3.9,11
Hồng Gai,2026-04-30,4.4,0.1,4.3,6
Hồng Gai,2026-05-01,4.6,0.1,4.5,1
Hồng Gai,2026-05-02,4.6,0.1,4.5,1
Hồng Gai,2026-05-03,4.5,0.1,4.4,3
Hồng Gai,2026-05-04,4.3,0.2,4.1,10
Hồng Gai,2026-05-05,4.0,0.3,3.7,14
Hồng Gai,2026-05-06,3.8,0.5,3.3,18
Hồng Gai,2026-05-07,3.5,0.6,2.9,22
Hồng Gai,2026-05-08,3.3,0.6,2.7,26
Hồng Gai,2026-05-09,3.3,0.7,2.6,28
Hồng Gai,2026-05-10,3.3,0.7,2.6,28
Hồng Gai,2026-05-11,3.4,0.6,2.8,25
Hồng Gai,2026-05-12,3.7,0.5,3.2,19
Hồng Gai,2026-05-13,3.9,0.4,3.5,17
Hồng Gai,2026-05-14,4.2,0.3,3.9,12
Hồng Gai,2026-05-15,4.4,0.1,4.3,8
Hồng Gai,2026-05-16,4.5,0.1,4.4,3
Hồng Gai,2026-05-17,4.5,0.1,4.4,3
Hồng Gai,2026-05-18,4.5,0.2,4.3,8
Hồng Gai,2026-05-19,4.2,0.3,3.9,12
Hồng Gai,2026-05-20,3.9,0.3,3.6,16
Hồng Gai,2026-05-21,3.7,0.5,3.2,19
Hồng Gai,2026-05-22,3.5,0.6,2.9,22
Hồng Gai,2026-05-23,3.3,0.7,2.6,28
Hồng Gai,2026-05-24,3.2,0.7,2.5,31
Hồng Gai,2026-05-25,3.3,0.6,2.7,26
Hồng Gai,2026-05-26,3.5,0.6,2.9,22
Hồng Gai,2026-05-27,3.7,0.5,3.2,19
Hồng Gai,2026-05-28,4.0,0.3,3.7,14
Hồng Gai,2026-05-29,4.3,0.2,4.1,10
Hồng Gai,2026-05-30,4.5,0.1,4.4,3
Hồng Gai,2026-05-31,4.5,0.1,4.4,3
Hồng Gai,2026-06-01,4.5,0.1,4.4,2
Hồng Gai,2026-06-02,4.4,0.2,4.2,7
Hồng Gai,2026-06-03,4.1,0.3,3.8,11
Hồng Gai,2026-06-04,3.9,0.4,3.5,15
Hồng Gai,2026-06-05,3.6,0.5,3.1,19
Hồng Gai,2026-06-06,3.4,0.7,2.7,25
Hồng Gai,2026-06-07,3.2,0.7,2.5,29
Hồng Gai,2026-06-08,3.3,0.7,2.6,27
Hồng Gai,2026-06-09,3.4,0.6,2.8,23
Hồng Gai,2026-06-10,3.5,0.6,2.9,22
Hồng Gai,2026-06-11,3.8,0.5,3.3,18
Hồng Gai,2026-06-12,4.1,0.3,3.8,11
Hồng Gai,2026-06-13,4.3,0.2,4.1,10
Hồng Gai,2026-06-14,4.5,0.1,4.4,2
Hồng Gai,2026-06-15,4.6,0.1,4.5,1
Hồng Gai,2026-06-16,4.5,0.1,4.4,2
Hồng Gai,2026-06-17,4.4,0.2,4.2,7
Hồng Gai,2026-06-18,4.1,0.3,3.8,11
Hồng Gai,2026-06-19,3.9,0.5,3.4,16
Hồng Gai,2026-06-20,3.6,0.5,3.1,19
Hồng Gai,2026-06-21,3.3,0.6,2.7,25
Hồng Gai,2026-06-22,3.3,0.7,2.6,27
Hồng Gai,2026-06-23,3.2,0.7,2.5,29
Hồng Gai,2026-06-24,3.4,0.6,2.8,23
Hồng Gai,2026-06-25,3.6,0.5,3.1,19
Hồng Gai,2026-06-26,3.8,0.4,3.4,16
Hồng Gai,2026-06-27,4.1,0.3,3.8,11
Hồng Gai,2026-06-28,4.4,0.2,4.2,7
Hồng Gai,2026-06-29,4.5,0.1,4.4,2
Hồng Gai,2026-06-30,4.5,0.1,4.4,2
Hồng Gai,2026-07-01,4.5,0.2,4.3,5
Hồng Gai,2026-07-02,4.3,0.2,4.1,10
Hồng Gai,2026-07-03,4.0,0.3,3.7,14
Hồng Gai,2026-07-04,3.8,0.5,3.3,18
Hồng Gai,2026-07-05,3.5,0.6,2.9,22
Hồng Gai,2026-07-06,3.3,0.7,2.6,26
Hồng Gai,2026-07-07,3.2,0.7,2.5,30
Hồng Gai,2026-07-08,3.3,0.7,2.6,26
Hồng Gai,2026-07-09,3.4,0.7,2.7,25
Hồng Gai,2026-07-10,3.7,0.5,3.2,19
Hồng Gai,2026-07-11,3.9,0.4,3.5,16
Hồng Gai,2026-07-12,4.2,0.3,3.9,13
Hồng Gai,2026-07-13,4.4,0.2,4.2,8
Hồng Gai,2026-07-14,4.6,0.1,4.5,1
Hồng Gai,2026-07-15,4.5,0.1,4.4,3
Hồng Gai,2026-07-16,4.4,0.1,4.3,5
Hồng Gai,2026-07-17,4.2,0.2,4.0,11
Hồng Gai,2026-07-18,3.9,0.4,3.5,16
Hồng Gai,2026-07-19,3.7,0.5,3.2,19
Hồng Gai,2026-07-20,3.5,0.6,2.9,22
Hồng Gai,2026-07-21,3.3,0.7,2.6,26
Hồng Gai,2026-07-22,3.2,0.7,2.5,30
Hồng Gai,2026-07-23,3.3,0.7,2.6,26
Hồng Gai,2026-07-24,3.5,0.6,2.9,22
Hồng Gai,2026-07-25,3.7,0.5,3.2,19
Hồng Gai,2026-07-26,4.0,0.4,3.6,15
Hồng Gai,2026-07-27,4.2,0.2,4.0,11
Hồng Gai,2026-07-28,4.5,0.2,4.3,5
Hồng Gai,2026-07-29,4.6,0.1,4.5,1
Hồng Gai,2026-07-30,4.5,0.1,4.4,3
Hồng Gai,2026-07-31,4.4,0.2,4.2,8
Hồng Gai,2026-08-01,4.2,0.3,3.9,11
Hồng Gai,2026-08-02,3.9,0.4,3.5,16
Hồng Gai,2026-08-03,3.6,0.5,3.1,20
Hồng Gai,2026-08-04,3.4,0.6,2.8,24
Hồng Gai,2026-08-05,3.3,0.7,2.6,27
Hồng Gai,2026-08-06,3.2,0.7,2.5,30
Hồng Gai,2026-08-07,3.4,0.7,2.7,25
Hồng Gai,2026-08-08,3.5,0.5,3.0,22
Hồng Gai,2026-08-09,3.7,0.4,3.3,19
Hồng Gai,2026-08-10,4.0,0.3,3.7,15
Hồng Gai,2026-08-11,4.3,0.2,4.1,9
Hồng Gai,2026-08-12,4.5,0.1,4.4,3
Hồng Gai,2026-08-13,4.6,0.1,4.5,1
Hồng Gai,2026-08-14,4.5,0.1,4.4,3
Hồng Gai,2026-08-15,4.4,0.2,4.2,7
Hồng Gai,2026-08-16,4.1,0.3,3.8,12
Hồng Gai,2026-08-17,3.8,0.4,3.4,18
Hồng Gai,2026-08-18,3.6,0.6,3.0,22
Hồng Gai,2026-08-19,3.3,0.7,2.6,27
Hồng Gai,2026-08-20,3.2,0.7,2.5,30
Hồng Gai,2026-08-21,3.3,0.7,2.6,27
Hồng Gai,2026-08-22,3.4,0.7,2.7,25
Hồng Gai,2026-08-23,3.6,0.5,3.1,20
Hồng Gai,2026-08-24,3.9,0.4,3.5,16
Hồng Gai,2026-08-25,4.1,0.3,3.8,12
Hồng Gai,2026-08-26,4.4,0.2,4.2,7
Hồng Gai,2026-08-27,4.5,0.1,4.4,3
Hồng Gai,2026-08-28,4.6,0.1,4.5,1
Hồng Gai,2026-08-29,4.5,0.1,4.4,3
Hồng Gai,2026-08-30,4.3,0.2,4.1,9
Hồng Gai,2026-08-31,4.1,0.3,3.8,12
Hồng Gai,2026-09-01,3.8,0.4,3.4,17
Hồng Gai,2026-09-02,3.5,0.6,2.9,21
Hồng Gai,2026-09-03,3.3,0.7,2.6,25
Hồng Gai,2026-09-04,3.2,0.7,2.5,29
Hồng Gai,2026-09-05,3.3,0.7,2.6,25
Hồng Gai,2026-09-06,3.4,0.6,2.8,24
Hồng Gai,2026-09-07,3.6,0.5,3.1,20
Hồng Gai,2026-09-08,4.0,0.4,3.6,14
Hồng Gai,2026-09-09,4.2,0.2,4.0,9
Hồng Gai,2026-09-10,4.4,0.2,4.2,8
Hồng Gai,2026-09-11,4.5,0.1,4.4,2
Hồng Gai,2026-09-12,4.6,0.1,4.5,1
Hồng Gai,2026-09-13,4.5,0.1,4.4,2
Hồng Gai,2026-09-14,4.2,0.3,3.9,10
Hồng Gai,2026-09-15,4.0,0.4,3.6,14
Hồng Gai,2026-09-16,3.7,0.5,3.2,18
Hồng Gai,2026-09-17,3.5,0.6,2.9,21
Hồng Gai,2026-09-18,3.3,0.7,2.6,25
Hồng Gai,2026-09-19,3.2,0.7,2.5,29
Hồng Gai,2026-09-20,3.3,0.7,2.6,25
Hồng Gai,2026-09-21,3.5,0.6,2.9,21
Hồng Gai,2026-09-22,3.7,0.5,3.2,18
Hồng Gai,2026-09-23,4.0,0.3,3.7,13
Hồng Gai,2026-09-24,4.2,0.3,3.9,10
Hồng Gai,2026-09-25,4.4,0.1,4.3,6
Hồng Gai,2026-09-26,4.5,0.1,4.4,2
Hồng Gai,2026-09-27,4.5,0.1,4.4,2
Hồng Gai,2026-09-28,4.4,0.1,4.3,6
Hồng Gai,2026-09-29,4.2,0.3,3.9,10
Hồng Gai,2026-09-30,3.9,0.4,3.5,16
Hồng Gai,2026-10-01,3.6,0.5,3.1,19
Hồng Gai,2026-10-02,3.4,0.7,2.7,25
Hồng Gai,2026-10-03,3.3,0.7,2.6,28
Hồng Gai,2026-10-04,3.2,0.7,2.5,30
Hồng Gai,2026-10-05,3.3,0.6,2.7,25
Hồng Gai,2026-10-06,3.5,0.6,2.9,22
Hồng Gai,2026-10-07,3.8,0.5,3.3,17
Hồng Gai,2026-10-08,4.0,0.3,3.7,14
Hồng Gai,2026-10-09,4.3,0.2,4.1,9
Hồng Gai,2026-10-10,4.5,0.2,4.3,6
Hồng Gai,2026-10-11,4.6,0.1,4.5,1
Hồng Gai,2026-10-12,4.5,0.1,4.4,3
Hồng Gai,2026-10-13,4.4,0.2,4.2,7
Hồng Gai,2026-10-14,4.1,0.3,3.8,11
Hồng Gai,2026-10-15,3.8,0.4,3.4,15
Hồng Gai,2026-10-16,3.6,0.6,3.0,20
Hồng Gai,2026-10-17,3.4,0.6,2.8,24
Hồng Gai,2026-10-18,3.2,0.7,2.5,30
Hồng Gai,2026-10-19,3.3,0.7,2.6,28
Hồng Gai,2026-10-20,3.4,0.7,2.7,25
Hồng Gai,2026-10-21,3.6,0.6,3.0,20
Hồng Gai,2026-10-22,3.9,0.5,3.4,15
Hồng Gai,2026-10-23,4.1,0.3,3.8,11
Hồng Gai,2026-10-24,4.4,0.2,4.2,7
Hồng Gai,2026-10-25,4.5,0.1,4.4,3
Hồng Gai,2026-10-26,4.6,0.1,4.5,1
Hồng Gai,2026-10-27,4.5,0.1,4.4,3
Hồng Gai,2026-10-28,4.3,0.2,4.1,9
Hồng Gai,2026-10-29,4.1,0.3,3.8,11
Hồng Gai,2026-10-30,3.8,0.5,3.3,17
Hồng Gai,2026-10-31,3.5,0.6,2.9,22
Hồng Gai,2026-11-01,3.3,0.7,2.6,25
Hồng Gai,2026-11-02,3.2,0.7,2.5,29
Hồng Gai,2026-11-03,3.3,0.7,2.6,25
Hồng Gai,2026-11-04,3.4,0.6,2.8,22
Hồng Gai,2026-11-05,3.6,0.6,3.0,20
Hồng Gai,2026-11-06,3.9,0.4,3.5,15
Hồng Gai,2026-11-07,4.2,0.3,3.9,11
Hồng Gai,2026-11-08,4.4,0.1,4.3,5
Hồng Gai,2026-11-09,4.5,0.1,4.4,2
Hồng Gai,2026-11-10,4.5,0.1,4.4,2
Hồng Gai,2026-11-11,4.4,0.1,4.3,5
Hồng Gai,2026-11-12,4.3,0.3,4.0,10
Hồng Gai,2026-11-13,4.0,0.3,3.7,13
Hồng Gai,2026-11-14,3.7,0.4,3.3,17
Hồng Gai,2026-11-15,3.4,0.6,2.8,22
Hồng Gai,2026-11-16,3.3,0.7,2.6,25
Hồng Gai,2026-11-17,3.2,0.7,2.5,29
Hồng Gai,2026-11-18,3.3,0.7,2.6,25
Hồng Gai,2026-11-19,3.5,0.6,2.9,21
Hồng Gai,2026-11-20,3.7,0.5,3.2,18
Hồng Gai,2026-11-21,4.0,0.4,3.6,14
Hồng Gai,2026-11-22,4.2,0.3,3.9,11
Hồng Gai,2026-11-23,4.4,0.1,4.3,5
Hồng Gai,2026-11-24,4.6,0.1,4.5,1
Hồng Gai,2026-11-25,4.5,0.1,4.4,2
Hồng Gai,2026-11-26,4.4,0.2,4.2,8
Hồng Gai,2026-11-27,4.3,0.2,4.1,9
Hồng Gai,2026-11-28,3.9,0.4,3.5,15
Hồng Gai,2026-11-29,3.7,0.5,3.2,18
Hồng Gai,2026-11-30,3.4,0.6,2.8,22
Hồng Gai,2026-12-01,3.3,0.7,2.6,26
Hồng Gai,2026-12-02,3.3,0.7,2.6,26
Hồng Gai,2026-12-03,3.3,0.6,2.7,24
Hồng Gai,2026-12-04,3.5,0.6,2.9,21
Hồng Gai,2026-12-05,3.8,0.4,3.4,15
Hồng Gai,2026-12-06,4.1,0.3,3.8,11
Hồng Gai,2026-12-07,4.3,0.2,4.1,8
Hồng Gai,2026-12-08,4.5,0.1,4.4,4
Hồng Gai,2026-12-09,4.6,0.1,4.5,1
Hồng Gai,2026-12-10,4.6,0.1,4.5,1
Hồng Gai,2026-12-11,4.4,0.2,4.2,7
Hồng Gai,2026-12-12,4.1,0.3,3.8,11
Hồng Gai,2026-12-13,3.8,0.4,3.4,15
Hồng Gai,2026-12-14,3.6,0.6,3.0,19
Hồng Gai,2026-12-15,3.4,0.6,2.8,23
Hồng Gai,2026-12-16,3.3,0.7,2.6,26
Hồng Gai,2026-12-17,3.3,0.7,2.6,26
Hồng Gai,2026-12-18,3.3,0.7,2.6,26
Hồng Gai,2026-12-19,3.5,0.6,2.9,21
Hồng Gai,2026-12-20,3.8,0.4,3.4,15
Hồng Gai,2026-12-21,4.1,0.3,3.8,11
Hồng Gai,2026-12-22,4.3,0.2,4.1,8
Hồng Gai,2026-12-23,4.5,0.1,4.4,4
Hồng Gai,2026-12-24,4.6,0.1,4.5,1
Hồng Gai,2026-12-25,4.5,0.1,4.4,4
Hồng Gai,2026-12-26,4.3,0.2,4.1,8
Hồng Gai,2026-12-27,4.1,0.4,3.7,14
Hồng Gai,2026-12-28,3.8,0.4,3.4,15
Hồng Gai,2026-12-29,3.5,0.5,3.0,19
Hồng Gai,2026-12-30,3.3,0.6,2.7,24
Hồng Gai,2026-12-31,3.2,0.7,2.5,31
Cửa Ông,2026-01-01,4.0,0.4,3.6,11
Cửa Ông,2026-01-02,4.2,0.3,3.9,5
Cửa Ông,2026-01-03,4.3,0.2,4.1,1
Cửa Ông,2026-01-04,4.3,0.2,4.1,1
Cửa Ông,2026-01-05,4.2,0.3,3.9,5
Cửa Ông,2026-01-06,4.0,0.3,3.7,9
Cửa Ông,2026-01-07,3.8,0.4,3.4,14
Cửa Ông,2026-01-08,3.5,0.6,2.9,19
Cửa Ông,2026-01-09,3.3,0.7,2.6,22
Cửa Ông,2026-01-10,3.1,0.8,2.3,27
Cửa Ông,2026-01-11,3.1,0.8,2.3,27
Cửa Ông,2026-01-12,3.1,0.8,2.3,27
Cửa Ông,2026-01-13,3.3,0.7,2.6,22
Cửa Ông,2026-01-14,3.5,0.6,2.9,19
Cửa Ông,2026-01-15,3.8,0.5,3.3,16
Cửa Ông,2026-01-16,4.0,0.4,3.6,11
Cửa Ông,2026-01-17,4.2,0.3,3.9,5
Cửa Ông,2026-01-18,4.3,0.2,4.1,1
Cửa Ông,2026-01-19,4.3,0.2,4.1,1
Cửa Ông,2026-01-20,4.2,0.3,3.9,5
Cửa Ông,2026-01-21,4.0,0.4,3.6,11
Cửa Ông,2026-01-22,3.8,0.5,3.3,16
Cửa Ông,2026-01-23,3.5,0.6,2.9,19
Cửa Ông,2026-01-24,3.3,0.7,2.6,22
Cửa Ông,2026-01-25,3.1,0.8,2.3,27
Cửa Ông,2026-01-26,3.1,0.8,2.3,27
Cửa Ông,2026-01-27,3.2,0.8,2.4,26
Cửa Ông,2026-01-28,3.3,0.7,2.6,22
Cửa Ông,2026-01-29,3.6,0.6,3.0,18
Cửa Ông,2026-01-30,3.8,0.4,3.4,14
Cửa Ông,2026-01-31,4.0,0.3,3.7,9
Cửa Ông,2026-02-01,4.3,0.3,4.0,3
Cửa Ông,2026-02-02,4.3,0.2,4.1,1
Cửa Ông,2026-02-03,4.2,0.2,4.0,3
Cửa Ông,2026-02-04,4.1,0.3,3.8,7
Cửa Ông,2026-02-05,3.9,0.4,3.5,10
Cửa Ông,2026-02-06,3.7,0.5,3.2,13
Cửa Ông,2026-02-07,3.4,0.6,2.8,17
Cửa Ông,2026-02-08,3.2,0.7,2.5,21
Cửa Ông,2026-02-09,3.1,0.8,2.3,25
Cửa Ông,2026-02-10,3.1,0.8,2.3,25
Cửa Ông,2026-02-11,3.2,0.7,2.5,21
Cửa Ông,2026-02-12,3.4,0.6,2.8,17
Cửa Ông,2026-02-13,3.6,0.6,3.0,16
Cửa Ông,2026-02-14,3.9,0.4,3.5,10
Cửa Ông,2026-02-15,4.1,0.3,3.8,7
Cửa Ông,2026-02-16,4.3,0.3,4.0,3
Cửa Ông,2026-02-17,4.3,0.2,4.1,1
Cửa Ông,2026-02-18,4.2,0.2,4.0,3
Cửa Ông,2026-02-19,4.1,0.3,3.8,7
Cửa Ông,2026-02-20,3.9,0.4,3.5,10
Cửa Ông,2026-02-21,3.6,0.5,3.1,15
Cửa Ông,2026-02-22,3.3,0.7,2.6,20
Cửa Ông,2026-02-23,3.2,0.7,2.5,21
Cửa Ông,2026-02-24,3.1,0.8,2.3,25
Cửa Ông,2026-02-25,3.1,0.8,2.3,25
Cửa Ông,2026-02-26,3.2,0.7,2.5,21
Cửa Ông,2026-02-27,3.4,0.6,2.8,17
Cửa Ông,2026-02-28,3.7,0.5,3.2,13
Cửa Ông,2026-03-01,3.9,0.4,3.5,13
Cửa Ông,2026-03-02,4.1,0.3,3.8,8
Cửa Ông,2026-03-03,4.3,0.2,4.1,1
Cửa Ông,2026-03-04,4.3,0.2,4.1,1
Cửa Ông,2026-03-05,4.2,0.2,4.0,5
Cửa Ông,2026-03-06,4.0,0.3,3.7,10
Cửa Ông,2026-03-07,3.9,0.5,3.4,14
Cửa Ông,2026-03-08,3.6,0.6,3.0,18
Cửa Ông,2026-03-09,3.3,0.7,2.6,22
Cửa Ông,2026-03-10,3.2,0.8,2.4,26
Cửa Ông,2026-03-11,3.1,0.8,2.3,27
Cửa Ông,2026-03-12,3.1,0.8,2.3,27
Cửa Ông,2026-03-13,3.2,0.7,2.5,25
Cửa Ông,2026-03-14,3.5,0.6,2.9,19
Cửa Ông,2026-03-15,3.7,0.5,3.2,16
Cửa Ông,2026-03-16,4.0,0.4,3.6,11
Cửa Ông,2026-03-17,4.2,0.3,3.9,6
Cửa Ông,2026-03-18,4.3,0.2,4.1,1
Cửa Ông,2026-03-19,4.3,0.2,4.1,1
Cửa Ông,2026-03-20,4.2,0.3,3.9,6
Cửa Ông,2026-03-21,4.0,0.4,3.6,11
Cửa Ông,2026-03-22,3.7,0.5,3.2,16
Cửa Ông,2026-03-23,3.5,0.6,2.9,19
Cửa Ông,2026-03-24,3.3,0.7,2.6,22
Cửa Ông,2026-03-25,3.1,0.8,2.3,27
Cửa Ông,2026-03-26,3.1,0.8,2.3,27
Cửa Ông,2026-03-27,3.1,0.8,2.3,27
Cửa Ông,2026-03-28,3.3,0.7,2.6,22
Cửa Ông,2026-03-29,3.5,0.6,2.9,19
Cửa Ông,2026-03-30,3.8,0.5,3.3,15
Cửa Ông,2026-03-31,4.1,0.3,3.8,8
Cửa Ông,2026-04-01,4.2,0.2,4.0,5
Cửa Ông,2026-04-02,4.3,0.2,4.1,1
Cửa Ông,2026-04-03,4.3,0.2,4.1,1
Cửa Ông,2026-04-04,4.1,0.3,3.8,7
Cửa Ông,2026-04-05,3.9,0.4,3.5,11
Cửa Ông,2026-04-06,3.7,0.5,3.2,15
Cửa Ông,2026-04-07,3.4,0.6,2.8,19
Cửa Ông,2026-04-08,3.3,0.7,2.6,23
Cửa Ông,2026-04-09,3.1,0.8,2.3,28
Cửa Ông,2026-04-10,3.1,0.8,2.3,28
Cửa Ông,2026-04-11,3.2,0.7,2.5,24
Cửa Ông,2026-04-12,3.4,0.7,2.7,21
Cửa Ông,2026-04-13,3.6,0.5,3.1,17
Cửa Ông,2026-04-14,3.9,0.4,3.5,11
Cửa Ông,2026-04-15,4.1,0.3,3.8,7
Cửa Ông,2026-04-16,4.3,0.2,4.1,1
Cửa Ông,2026-04-17,4.3,0.2,4.1,1
Cửa Ông,2026-04-18,4.2,0.2,4.0,5
Cửa Ông,2026-04-19,4.1,0.3,3.8,7
Cửa Ông,2026-04-20,3.9,0.4,3.5,11
Cửa Ông,2026-04-21,3.6,0.5,3.1,17
Cửa Ông,2026-04-22,3.4,0.7,2.7,21
Cửa Ông,2026-04-23,3.2,0.7,2.5,24
Cửa Ông,2026-04-24,3.1,0.8,2.3,28
Cửa Ông,2026-04-25,3.2,0.8,2.4,26
Cửa Ông,2026-04-26,3.2,0.8,2.4,26
Cửa Ông,2026-04-27,3.4,0.6,2.8,19
Cửa Ông,2026-04-28,3.7,0.5,3.2,15
Cửa Ông,2026-04-29,3.9,0.4,3.5,11
Cửa Ông,2026-04-30,4.1,0.3,3.8,7
Cửa Ông,2026-05-01,4.2,0.2,4.0,5
Cửa Ông,2026-05-02,4.3,0.2,4.1,1
Cửa Ông,2026-05-03,4.2,0.2,4.0,5
Cửa Ông,2026-05-04,4.0,0.3,3.7,10
Cửa Ông,2026-05-05,3.8,0.5,3.3,15
Cửa Ông,2026-05-06,3.6,0.6,3.0,18
Cửa Ông,2026-05-07,3.3,0.7,2.6,22
Cửa Ông,2026-05-08,3.2,0.8,2.4,26
Cửa Ông,2026-05-09,3.1,0.8,2.3,28
Cửa Ông,2026-05-10,3.1,0.8,2.3,28
Cửa Ông,2026-05-11,3.3,0.7,2.6,22
Cửa Ông,2026-05-12,3.5,0.6,2.9,19
Cửa Ông,2026-05-13,3.8,0.5,3.3,15
Cửa Ông,2026-05-14,4.0,0.4,3.6,11
Cửa Ông,2026-05-15,4.2,0.2,4.0,5
Cửa Ông,2026-05-16,4.3,0.2,4.1,1
Cửa Ông,2026-05-17,4.3,0.2,4.1,1
Cửa Ông,2026-05-18,4.2,0.3,3.9,9
Cửa Ông,2026-05-19,4.0,0.4,3.6,11
Cửa Ông,2026-05-20,3.7,0.5,3.2,17
Cửa Ông,2026-05-21,3.5,0.6,2.9,19
Cửa Ông,2026-05-22,3.3,0.7,2.6,22
Cửa Ông,2026-05-23,3.1,0.8,2.3,28
Cửa Ông,2026-05-24,3.1,0.8,2.3,28
Cửa Ông,2026-05-25,3.1,0.7,2.4,26
Cửa Ông,2026-05-26,3.3,0.7,2.6,22
Cửa Ông,2026-05-27,3.5,0.6,2.9,19
Cửa Ông,2026-05-28,3.8,0.4,3.4,14
Cửa Ông,2026-05-29,4.0,0.4,3.6,11
Cửa Ông,2026-05-30,4.2,0.2,4.0,5
Cửa Ông,2026-05-31,4.3,0.2,4.1,1
Cửa Ông,2026-06-01,4.3,0.2,4.1,1
Cửa Ông,2026-06-02,4.1,0.3,3.8,7
Cửa Ông,2026-06-03,3.9,0.4,3.5,11
Cửa Ông,2026-06-04,3.7,0.5,3.2,15
Cửa Ông,2026-06-05,3.4,0.6,2.8,19
Cửa Ông,2026-06-06,3.2,0.7,2.5,23
Cửa Ông,2026-06-07,3.1,0.8,2.3,27
Cửa Ông,2026-06-08,3.1,0.8,2.3,27
Cửa Ông,2026-06-09,3.2,0.8,2.4,25
Cửa Ông,2026-06-10,3.4,0.6,2.8,19
Cửa Ông,2026-06-11,3.6,0.6,3.0,18
Cửa Ông,2026-06-12,3.9,0.4,3.5,11
Cửa Ông,2026-06-13,4.1,0.3,3.8,7
Cửa Ông,2026-06-14,4.3,0.3,4.0,6
Cửa Ông,2026-06-15,4.3,0.2,4.1,1
Cửa Ông,2026-06-16,4.3,0.2,4.1,1
Cửa Ông,2026-06-17,4.1,0.3,3.8,7
Cửa Ông,2026-06-18,3.9,0.4,3.5,11
Cửa Ông,2026-06-19,3.6,0.5,3.1,16
Cửa Ông,2026-06-20,3.4,0.7,2.7,21
Cửa Ông,2026-06-21,3.2,0.8,2.4,25
Cửa Ông,2026-06-22,3.1,0.8,2.3,27
Cửa Ông,2026-06-23,3.1,0.8,2.3,27
Cửa Ông,2026-06-24,3.2,0.7,2.5,23
Cửa Ông,2026-06-25,3.4,0.7,2.7,21
Cửa Ông,2026-06-26,3.6,0.5,3.1,16
Cửa Ông,2026-06-27,3.9,0.4,3.5,11
Cửa Ông,2026-06-28,4.1,0.3,3.8,7
Cửa Ông,2026-06-29,4.3,0.2,4.1,1
Cửa Ông,2026-06-30,4.3,0.2,4.1,1
Cửa Ông,2026-07-01,4.2,0.3,3.9,6
Cửa Ông,2026-07-02,4.1,0.3,3.8,9
Cửa Ông,2026-07-03,3.8,0.5,3.3,14
Cửa Ông,2026-07-04,3.6,0.6,3.0,18
Cửa Ông,2026-07-05,3.4,0.6,2.8,22
Cửa Ông,2026-07-06,3.2,0.7,2.5,26
Cửa Ông,2026-07-07,3.1,0.8,2.3,29
Cửa Ông,2026-07-08,3.2,0.8,2.4,27
Cửa Ông,2026-07-09,3.3,0.7,2.6,23
Cửa Ông,2026-07-10,3.5,0.6,2.9,20
Cửa Ông,2026-07-11,3.7,0.5,3.2,17
Cửa Ông,2026-07-12,4.0,0.4,3.6,11
Cửa Ông,2026-07-13,4.2,0.3,3.9,6
Cửa Ông,2026-07-14,4.3,0.2,4.1,1
Cửa Ông,2026-07-15,4.3,0.2,4.1,1
Cửa Ông,2026-07-16,4.2,0.3,3.9,6
Cửa Ông,2026-07-17,4.0,0.4,3.6,11
Cửa Ông,2026-07-18,3.8,0.5,3.3,14
Cửa Ông,2026-07-19,3.5,0.6,2.9,20
Cửa Ông,2026-07-20,3.3,0.7,2.6,23
Cửa Ông,2026-07-21,3.1,0.8,2.3,29
Cửa Ông,2026-07-22,3.1,0.8,2.3,29
Cửa Ông,2026-07-23,3.2,0.8,2.4,27
Cửa Ông,2026-07-24,3.3,0.7,2.6,23
Cửa Ông,2026-07-25,3.6,0.6,3.0,18
Cửa Ông,2026-07-26,3.8,0.5,3.3,14
Cửa Ông,2026-07-27,4.0,0.4,3.6,11
Cửa Ông,2026-07-28,4.2,0.2,4.0,5
Cửa Ông,2026-07-29,4.3,0.2,4.1,1
Cửa Ông,2026-07-30,4.3,0.2,4.1,1
Cửa Ông,2026-07-31,4.1,0.3,3.8,9
Cửa Ông,2026-08-01,4.0,0.4,3.6,11
Cửa Ông,2026-08-02,3.7,0.5,3.2,16
Cửa Ông,2026-08-03,3.4,0.7,2.7,22
Cửa Ông,2026-08-04,3.2,0.7,2.5,24
Cửa Ông,2026-08-05,3.1,0.8,2.3,28
Cửa Ông,2026-08-06,3.1,0.8,2.3,28
Cửa Ông,2026-08-07,3.2,0.7,2.5,24
Cửa Ông,2026-08-08,3.4,0.6,2.8,20
Cửa Ông,2026-08-09,3.6,0.5,3.1,18
Cửa Ông,2026-08-10,3.9,0.4,3.5,12
Cửa Ông,2026-08-11,4.1,0.3,3.8,7
Cửa Ông,2026-08-12,4.2,0.2,4.0,3
Cửa Ông,2026-08-13,4.3,0.2,4.1,1
Cửa Ông,2026-08-14,4.2,0.2,4.0,3
Cửa Ông,2026-08-15,4.1,0.3,3.8,7
Cửa Ông,2026-08-16,3.9,0.4,3.5,12
Cửa Ông,2026-08-17,3.6,0.5,3.1,18
Cửa Ông,2026-08-18,3.4,0.7,2.7,22
Cửa Ông,2026-08-19,3.2,0.7,2.5,24
Cửa Ông,2026-08-20,3.1,0.8,2.3,28
Cửa Ông,2026-08-21,3.1,0.8,2.3,28
Cửa Ông,2026-08-22,3.2,0.7,2.5,24
Cửa Ông,2026-08-23,3.4,0.6,2.8,20
Cửa Ông,2026-08-24,3.7,0.5,3.2,16
Cửa Ông,2026-08-25,3.9,0.4,3.5,12
Cửa Ông,2026-08-26,4.1,0.3,3.8,7
Cửa Ông,2026-08-27,4.2,0.2,4.0,3
Cửa Ông,2026-08-28,4.3,0.2,4.1,1
Cửa Ông,2026-08-29,4.2,0.3,3.9,6
Cửa Ông,2026-08-30,4.1,0.3,3.8,7
Cửa Ông,2026-08-31,3.8,0.4,3.4,15
Cửa Ông,2026-09-01,3.6,0.6,3.0,17
Cửa Ông,2026-09-02,3.4,0.7,2.7,21
Cửa Ông,2026-09-03,3.2,0.7,2.5,25
Cửa Ông,2026-09-04,3.1,0.8,2.3,27
Cửa Ông,2026-09-05,3.1,0.8,2.3,27
Cửa Ông,2026-09-06,3.3,0.7,2.6,22
Cửa Ông,2026-09-07,3.5,0.6,2.9,18
Cửa Ông,2026-09-08,3.7,0.5,3.2,14
Cửa Ông,2026-09-09,4.0,0.4,3.6,10
Cửa Ông,2026-09-10,4.2,0.3,3.9,6
Cửa Ông,2026-09-11,4.3,0.2,4.1,1
Cửa Ông,2026-09-12,4.3,0.2,4.1,1
Cửa Ông,2026-09-13,4.2,0.2,4.0,5
Cửa Ông,2026-09-14,4.0,0.4,3.6,10
Cửa Ông,2026-09-15,3.8,0.5,3.3,13
Cửa Ông,2026-09-16,3.5,0.6,2.9,18
Cửa Ông,2026-09-17,3.3,0.7,2.6,22
Cửa Ông,2026-09-18,3.1,0.8,2.3,27
Cửa Ông,2026-09-19,3.1,0.8,2.3,27
Cửa Ông,2026-09-20,3.2,0.7,2.5,25
Cửa Ông,2026-09-21,3.3,0.7,2.6,22
Cửa Ông,2026-09-22,3.5,0.6,2.9,18
Cửa Ông,2026-09-23,3.7,0.5,3.2,14
Cửa Ông,2026-09-24,4.0,0.3,3.7,9
Cửa Ông,2026-09-25,4.1,0.3,3.8,8
Cửa Ông,2026-09-26,4.3,0.2,4.1,1
Cửa Ông,2026-09-27,4.3,0.2,4.1,1
Cửa Ông,2026-09-28,4.2,0.3,3.9,6
Cửa Ông,2026-09-29,3.9,0.4,3.5,12
Cửa Ông,2026-09-30,3.7,0.5,3.2,14
Cửa Ông,2026-10-01,3.5,0.6,2.9,19
Cửa Ông,2026-10-02,3.3,0.7,2.6,22
Cửa Ông,2026-10-03,3.1,0.8,2.3,28
Cửa Ông,2026-10-04,3.1,0.8,2.3,28
Cửa Ông,2026-10-05,3.2,0.7,2.5,25
Cửa Ông,2026-10-06,3.3,0.7,2.6,22
Cửa Ông,2026-10-07,3.6,0.6,3.0,16
Cửa Ông,2026-10-08,3.8,0.4,3.4,14
Cửa Ông,2026-10-09,4.1,0.3,3.8,7
Cửa Ông,2026-10-10,4.2,0.2,4.0,4
Cửa Ông,2026-10-11,4.3,0.2,4.1,1
Cửa Ông,2026-10-12,4.3,0.2,4.1,1
Cửa Ông,2026-10-13,4.1,0.3,3.8,7
Cửa Ông,2026-10-14,3.9,0.4,3.5,11
Cửa Ông,2026-10-15,3.6,0.6,3.0,16
Cửa Ông,2026-10-16,3.4,0.6,2.8,20
Cửa Ông,2026-10-17,3.2,0.7,2.5,25
Cửa Ông,2026-10-18,3.1,0.8,2.3,28
Cửa Ông,2026-10-19,3.1,0.8,2.3,28
Cửa Ông,2026-10-20,3.2,0.8,2.4,27
Cửa Ông,2026-10-21,3.4,0.6,2.8,20
Cửa Ông,2026-10-22,3.7,0.5,3.2,15
Cửa Ông,2026-10-23,3.9,0.4,3.5,11
Cửa Ông,2026-10-24,4.1,0.3,3.8,7
Cửa Ông,2026-10-25,4.3,0.3,4.0,4
Cửa Ông,2026-10-26,4.3,0.2,4.1,1
Cửa Ông,2026-10-27,4.2,0.2,4.0,4
Cửa Ông,2026-10-28,4.1,0.3,3.8,7
Cửa Ông,2026-10-29,3.9,0.4,3.5,11
Cửa Ông,2026-10-30,3.6,0.6,3.0,16
Cửa Ông,2026-10-31,3.3,0.7,2.6,22
Cửa Ông,2026-11-01,3.2,0.8,2.4,25
Cửa Ông,2026-11-02,3.1,0.8,2.3,28
Cửa Ông,2026-11-03,3.1,0.8,2.3,28
Cửa Ông,2026-11-04,3.2,0.7,2.5,24
Cửa Ông,2026-11-05,3.5,0.6,2.9,17
Cửa Ông,2026-11-06,3.7,0.5,3.2,15
Cửa Ông,2026-11-07,4.0,0.4,3.6,9
Cửa Ông,2026-11-08,4.2,0.3,3.9,6
Cửa Ông,2026-11-09,4.3,0.2,4.1,1
Cửa Ông,2026-11-10,4.3,0.2,4.1,1
Cửa Ông,2026-11-11,4.2,0.3,3.9,6
Cửa Ông,2026-11-12,4.0,0.4,3.6,9
Cửa Ông,2026-11-13,3.8,0.5,3.3,13
Cửa Ông,2026-11-14,3.5,0.6,2.9,17
Cửa Ông,2026-11-15,3.3,0.7,2.6,21
Cửa Ông,2026-11-16,3.2,0.8,2.4,25
Cửa Ông,2026-11-17,3.1,0.8,2.3,28
Cửa Ông,2026-11-18,3.2,0.8,2.4,25
Cửa Ông,2026-11-19,3.3,0.7,2.6,21
Cửa Ông,2026-11-20,3.5,0.6,2.9,17
Cửa Ông,2026-11-21,3.7,0.5,3.2,15
Cửa Ông,2026-11-22,4.0,0.4,3.6,9
Cửa Ông,2026-11-23,4.2,0.2,4.0,4
Cửa Ông,2026-11-24,4.3,0.2,4.1,1
Cửa Ông,2026-11-25,4.3,0.3,4.0,4
Cửa Ông,2026-11-26,4.2,0.3,3.9,6
Cửa Ông,2026-11-27,3.9,0.4,3.5,12
Cửa Ông,2026-11-28,3.7,0.4,3.3,13
Cửa Ông,2026-11-29,3.5,0.6,2.9,17
Cửa Ông,2026-11-30,3.3,0.7,2.6,21
Cửa Ông,2026-12-01,3.1,0.8,2.3,27
Cửa Ông,2026-12-02,3.1,0.8,2.3,27
Cửa Ông,2026-12-03,3.2,0.8,2.4,24
Cửa Ông,2026-12-04,3.4,0.7,2.7,20
Cửa Ông,2026-12-05,3.6,0.5,3.1,15
Cửa Ông,2026-12-06,3.8,0.4,3.4,14
Cửa Ông,2026-12-07,4.1,0.3,3.8,7
Cửa Ông,2026-12-08,4.2,0.3,3.9,6
Cửa Ông,2026-12-09,4.3,0.2,4.1,1
Cửa Ông,2026-12-10,4.3,0.3,4.0,4
Cửa Ông,2026-12-11,4.1,0.3,3.8,7
Cửa Ông,2026-12-12,3.9,0.4,3.5,11
Cửa Ông,2026-12-13,3.7,0.6,3.1,15
Cửa Ông,2026-12-14,3.4,0.7,2.7,20
Cửa Ông,2026-12-15,3.2,0.7,2.5,23
Cửa Ông,2026-12-16,3.1,0.8,2.3,27
Cửa Ông,2026-12-17,3.1,0.8,2.3,27
Cửa Ông,2026-12-18,3.2,0.8,2.4,24
Cửa Ông,2026-12-19,3.4,0.6,2.8,19
Cửa Ông,2026-12-20,3.6,0.5,3.1,15
Cửa Ông,2026-12-21,3.9,0.4,3.5,11
Cửa Ông,2026-12-22,4.1,0.3,3.8,7
Cửa Ông,2026-12-23,4.3,0.2,4.1,1
Cửa Ông,2026-12-24,4.3,0.2,4.1,1
Cửa Ông,2026-12-25,4.2,0.2,4.0,4
Cửa Ông,2026-12-26,4.1,0.3,3.8,7
Cửa Ông,2026-12-27,3.9,0.4,3.5,11
Cửa Ông,2026-12-28,3.6,0.6,3.0,18
Cửa Ông,2026-12-29,3.3,0.7,2.6,22
Cửa Ông,2026-12-30,3.2,0.8,2.4,24
Cửa Ông,2026-12-31,3.1,0.8,2.3,27
Cửa Hội,2026-01-01,2.9,0.7,2.2,13
Cửa Hội,2026-01-02,3.1,0.7,2.4,6
Cửa Hội,2026-01-03,3.2,0.6,2.6,1
Cửa Hội,2026-01-04,3.2,0.6,2.6,1
Cửa Hội,2026-01-05,3.2,0.7,2.5,4
Cửa Hội,2026-01-06,3.0,0.7,2.3,9
Cửa Hội,2026-01-07,2.9,0.8,2.1,14
Cửa Hội,2026-01-08,2.7,0.8,1.9,18
Cửa Hội,2026-01-09,2.6,0.9,1.7,22
Cửa Hội,2026-01-10,2.5,0.9,1.6,24
Cửa Hội,2026-01-11,2.4,0.9,1.5,27
Cửa Hội,2026-01-12,2.4,1.0,1.4,29
Cửa Hội,2026-01-13,2.5,1.0,1.5,27
Cửa Hội,2026-01-14,2.7,0.9,1.8,20
Cửa Hội,2026-01-15,2.9,0.8,2.1,14
Cửa Hội,2026-01-16,3.0,0.7,2.3,9
Cửa Hội,2026-01-17,3.1,0.7,2.4,6
Cửa Hội,2026-01-18,3.2,0.6,2.6,1
Cửa Hội,2026-01-19,3.2,0.7,2.5,4
Cửa Hội,2026-01-20,3.1,0.7,2.4,6
Cửa Hội,2026-01-21,3.0,0.7,2.3,9
Cửa Hội,2026-01-22,2.8,0.8,2.0,17
Cửa Hội,2026-01-23,2.7,0.9,1.8,20
Cửa Hội,2026-01-24,2.5,0.9,1.6,24
Cửa Hội,2026-01-25,2.4,1.0,1.4,29
Cửa Hội,2026-01-26,2.4,1.0,1.4,29
Cửa Hội,2026-01-27,2.5,0.9,1.6,24
Cửa Hội,2026-01-28,2.6,0.9,1.7,22
Cửa Hội,2026-01-29,2.7,0.8,1.9,18
Cửa Hội,2026-01-30,2.9,0.8,2.1,14
Cửa Hội,2026-01-31,3.0,0.7,2.3,9
Cửa Hội,2026-02-01,3.2,0.6,2.6,1
Cửa Hội,2026-02-02,3.2,0.6,2.6,1
Cửa Hội,2026-02-03,3.2,0.7,2.5,5
Cửa Hội,2026-02-04,3.1,0.7,2.4,7
Cửa Hội,2026-02-05,3.0,0.7,2.3,10
Cửa Hội,2026-02-06,2.8,0.8,2.0,13
Cửa Hội,2026-02-07,2.6,0.9,1.7,18
Cửa Hội,2026-02-08,2.5,1.0,1.5,24
Cửa Hội,2026-02-09,2.4,1.0,1.4,25
Cửa Hội,2026-02-10,2.4,1.0,1.4,25
Cửa Hội,2026-02-11,2.5,0.9,1.6,21
Cửa Hội,2026-02-12,2.6,0.9,1.7,18
Cửa Hội,2026-02-13,2.8,0.8,2.0,13
Cửa Hội,2026-02-14,2.9,0.7,2.2,11
Cửa Hội,2026-02-15,3.1,0.7,2.4,7
Cửa Hội,2026-02-16,3.2,0.6,2.6,1
Cửa Hội,2026-02-17,3.2,0.6,2.6,1
Cửa Hội,2026-02-18,3.1,0.6,2.5,5
Cửa Hội,2026-02-19,3.1,0.7,2.4,7
Cửa Hội,2026-02-20,2.9,0.7,2.2,11
Cửa Hội,2026-02-21,2.8,0.8,2.0,13
Cửa Hội,2026-02-22,2.6,0.9,1.7,18
Cửa Hội,2026-02-23,2.5,0.9,1.6,21
Cửa Hội,2026-02-24,2.4,1.0,1.4,25
Cửa Hội,2026-02-25,2.4,1.0,1.4,25
Cửa Hội,2026-02-26,2.5,0.9,1.6,21
Cửa Hội,2026-02-27,2.7,0.9,1.8,17
Cửa Hội,2026-02-28,2.8,0.8,2.0,13
Cửa Hội,2026-03-01,3.0,0.7,2.3,9
Cửa Hội,2026-03-02,3.1,0.7,2.4,6
Cửa Hội,2026-03-03,3.2,0.6,2.6,1
Cửa Hội,2026-03-04,3.2,0.6,2.6,1
Cửa Hội,2026-03-05,3.1,0.6,2.5,5
Cửa Hội,2026-03-06,3.0,0.7,2.3,9
Cửa Hội,2026-03-07,2.9,0.8,2.1,14
Cửa Hội,2026-03-08,2.7,0.9,1.8,19
Cửa Hội,2026-03-09,2.5,0.9,1.6,23
Cửa Hội,2026-03-10,2.4,0.9,1.5,27
Cửa Hội,2026-03-11,2.4,1.0,1.4,29
Cửa Hội,2026-03-12,2.4,0.9,1.5,27
Cửa Hội,2026-03-13,2.5,0.9,1.6,23
Cửa Hội,2026-03-14,2.6,0.9,1.7,21
Cửa Hội,2026-03-15,2.8,0.8,2.0,16
Cửa Hội,2026-03-16,3.0,0.7,2.3,9
Cửa Hội,2026-03-17,3.1,0.7,2.4,6
Cửa Hội,2026-03-18,3.2,0.6,2.6,1
Cửa Hội,2026-03-19,3.2,0.6,2.6,1
Cửa Hội,2026-03-20,3.1,0.7,2.4,6
Cửa Hội,2026-03-21,3.0,0.7,2.3,9
Cửa Hội,2026-03-22,2.8,0.8,2.0,16
Cửa Hội,2026-03-23,2.7,0.8,1.9,18
Cửa Hội,2026-03-24,2.5,0.9,1.6,23
Cửa Hội,2026-03-25,2.4,1.0,1.4,29
Cửa Hội,2026-03-26,2.4,1.0,1.4,29
Cửa Hội,2026-03-27,2.5,0.9,1.6,23
Cửa Hội,2026-03-28,2.6,0.9,1.7,21
Cửa Hội,2026-03-29,2.7,0.9,1.8,19
Cửa Hội,2026-03-30,2.9,0.8,2.1,14
Cửa Hội,2026-03-31,3.0,0.7,2.3,9
Cửa Hội,2026-04-01,3.1,0.6,2.5,4
Cửa Hội,2026-04-02,3.2,0.6,2.6,1
Cửa Hội,2026-04-03,3.2,0.6,2.6,1
Cửa Hội,2026-04-04,3.1,0.7,2.4,6
Cửa Hội,2026-04-05,2.9,0.7,2.2,12
Cửa Hội,2026-04-06,2.7,0.8,1.9,15
Cửa Hội,2026-04-07,2.7,0.9,1.8,19
Cửa Hội,2026-04-08,2.5,0.9,1.6,23
Cửa Hội,2026-04-09,2.5,1.0,1.5,27
Cửa Hội,2026-04-10,2.4,1.0,1.4,28
Cửa Hội,2026-04-11,2.5,0.9,1.6,23
Cửa Hội,2026-04-12,2.6,0.9,1.7,20
Cửa Hội,2026-04-13,2.7,0.8,1.9,15
Cửa Hội,2026-04-14,2.9,0.7,2.2,12
Cửa Hội,2026-04-15,3.0,0.7,2.3,10
Cửa Hội,2026-04-16,3.1,0.7,2.4,6
Cửa Hội,2026-04-17,3.2,0.6,2.6,1
Cửa Hội,2026-04-18,3.2,0.7,2.5,4
Cửa Hội,2026-04-19,3.1,0.7,2.4,6
Cửa Hội,2026-04-20,2.9,0.7,2.2,12
Cửa Hội,2026-04-21,2.7,0.8,1.9,15
Cửa Hội,2026-04-22,2.6,0.9,1.7,20
Cửa Hội,2026-04-23,2.5,0.9,1.6,23
Cửa Hội,2026-04-24,2.4,1.0,1.4,28
Cửa Hội,2026-04-25,2.4,1.0,1.4,28
Cửa Hội,2026-04-26,2.5,0.9,1.6,23
Cửa Hội,2026-04-27,2.6,0.9,1.7,20
Cửa Hội,2026-04-28,2.7,0.8,1.9,15
Cửa Hội,2026-04-29,3.0,0.7,2.3,10
Cửa Hội,2026-04-30,3.1,0.7,2.4,6
Cửa Hội,2026-05-01,3.2,0.6,2.6,1
Cửa Hội,2026-05-02,3.2,0.6,2.6,1
Cửa Hội,2026-05-03,3.1,0.7,2.4,9
Cửa Hội,2026-05-04,3.0,0.7,2.3,10
Cửa Hội,2026-05-05,2.9,0.8,2.1,14
Cửa Hội,2026-05-06,2.7,0.9,1.8,19
Cửa Hội,2026-05-07,2.6,0.9,1.7,22
Cửa Hội,2026-05-08,2.5,1.0,1.5,27
Cửa Hội,2026-05-09,2.4,1.0,1.4,28
Cửa Hội,2026-05-10,2.4,1.0,1.4,28
Cửa Hội,2026-05-11,2.5,0.9,1.6,25
Cửa Hội,2026-05-12,2.7,0.9,1.8,19
Cửa Hội,2026-05-13,2.8,0.8,2.0,17
Cửa Hội,2026-05-14,3.0,0.7,2.3,10
Cửa Hội,2026-05-15,3.1,0.6,2.5,6
Cửa Hội,2026-05-16,3.2,0.6,2.6,1
Cửa Hội,2026-05-17,3.2,0.6,2.6,1
Cửa Hội,2026-05-18,3.1,0.6,2.5,6
Cửa Hội,2026-05-19,3.0,0.7,2.3,10
Cửa Hội,2026-05-20,2.9,0.8,2.1,14
Cửa Hội,2026-05-21,2.7,0.9,1.8,19
Cửa Hội,2026-05-22,2.6,0.9,1.7,22
Cửa Hội,2026-05-23,2.5,0.9,1.6,25
Cửa Hội,2026-05-24,2.4,1.0,1.4,28
Cửa Hội,2026-05-25,2.4,1.0,1.4,28
Cửa Hội,2026-05-26,2.6,0.9,1.7,22
Cửa Hội,2026-05-27,2.7,0.8,1.9,18
Cửa Hội,2026-05-28,2.9,0.8,2.1,14
Cửa Hội,2026-05-29,3.0,0.7,2.3,10
Cửa Hội,2026-05-30,3.1,0.6,2.5,6
Cửa Hội,2026-05-31,3.2,0.6,2.6,1
Cửa Hội,2026-06-01,3.2,0.6,2.6,1
Cửa Hội,2026-06-02,3.1,0.7,2.4,6
Cửa Hội,2026-06-03,3.0,0.7,2.3,10
Cửa Hội,2026-06-04,2.8,0.8,2.0,15
Cửa Hội,2026-06-05,2.7,0.9,1.8,19
Cửa Hội,2026-06-06,2.5,0.9,1.6,23
Cửa Hội,2026-06-07,2.5,1.0,1.5,25
Cửa Hội,2026-06-08,2.4,1.0,1.4,28
Cửa Hội,2026-06-09,2.5,0.9,1.6,23
Cửa Hội,2026-06-10,2.6,0.9,1.7,20
Cửa Hội,2026-06-11,2.8,0.8,2.0,15
Cửa Hội,2026-06-12,2.9,0.7,2.2,12
Cửa Hội,2026-06-13,3.0,0.7,2.3,10
Cửa Hội,2026-06-14,3.1,0.6,2.5,3
Cửa Hội,2026-06-15,3.1,0.7,2.4,6
Cửa Hội,2026-06-16,3.1,0.6,2.5,3
Cửa Hội,2026-06-17,3.1,0.7,2.4,6
Cửa Hội,2026-06-18,2.9,0.8,2.1,14
Cửa Hội,2026-06-19,2.7,0.8,1.9,18
Cửa Hội,2026-06-20,2.6,0.9,1.7,20
Cửa Hội,2026-06-21,2.5,1.0,1.5,25
Cửa Hội,2026-06-22,2.4,1.0,1.4,28
Cửa Hội,2026-06-23,2.4,1.0,1.4,28
Cửa Hội,2026-06-24,2.5,1.0,1.5,25
Cửa Hội,2026-06-25,2.6,0.9,1.7,20
Cửa Hội,2026-06-26,2.8,0.8,2.0,15
Cửa Hội,2026-06-27,2.9,0.7,2.2,12
Cửa Hội,2026-06-28,3.1,0.7,2.4,6
Cửa Hội,2026-06-29,3.1,0.6,2.5,3
Cửa Hội,2026-06-30,3.2,0.6,2.6,1
Cửa Hội,2026-07-01,3.1,0.7,2.4,7
Cửa Hội,2026-07-02,3.0,0.7,2.3,10
Cửa Hội,2026-07-03,2.9,0.8,2.1,14
Cửa Hội,2026-07-04,2.7,0.8,1.9,18
Cửa Hội,2026-07-05,2.6,0.9,1.7,22
Cửa Hội,2026-07-06,2.5,1.0,1.5,26
Cửa Hội,2026-07-07,2.4,1.0,1.4,30
Cửa Hội,2026-07-08,2.5,1.0,1.5,26
Cửa Hội,2026-07-09,2.5,0.9,1.6,25
Cửa Hội,2026-07-10,2.7,0.9,1.8,21
Cửa Hội,2026-07-11,2.8,0.8,2.0,16
Cửa Hội,2026-07-12,3.0,0.7,2.3,10
Cửa Hội,2026-07-13,3.1,0.6,2.5,3
Cửa Hội,2026-07-14,3.2,0.6,2.6,1
Cửa Hội,2026-07-15,3.1,0.6,2.5,3
Cửa Hội,2026-07-16,3.1,0.7,2.4,7
Cửa Hội,2026-07-17,3.0,0.7,2.3,10
Cửa Hội,2026-07-18,2.8,0.8,2.0,16
Cửa Hội,2026-07-19,2.7,0.8,1.9,18
Cửa Hội,2026-07-20,2.6,0.9,1.7,22
Cửa Hội,2026-07-21,2.4,0.9,1.5,26
Cửa Hội,2026-07-22,2.4,1.0,1.4,30
Cửa Hội,2026-07-23,2.5,1.0,1.5,26
Cửa Hội,2026-07-24,2.6,0.9,1.7,22
Cửa Hội,2026-07-25,2.7,0.8,1.9,18
Cửa Hội,2026-07-26,2.9,0.8,2.1,14
Cửa Hội,2026-07-27,3.0,0.7,2.3,10
Cửa Hội,2026-07-28,3.1,0.6,2.5,3
Cửa Hội,2026-07-29,3.2,0.7,2.5,3
Cửa Hội,2026-07-30,3.2,0.6,2.6,1
Cửa Hội,2026-07-31,3.1,0.7,2.4,7
Cửa Hội,2026-08-01,3.0,0.7,2.3,10
Cửa Hội,2026-08-02,2.8,0.8,2.0,16
Cửa Hội,2026-08-03,2.6,0.9,1.7,21
Cửa Hội,2026-08-04,2.5,0.9,1.6,24
Cửa Hội,2026-08-05,2.4,0.9,1.5,26
Cửa Hội,2026-08-06,2.4,1.0,1.4,29
Cửa Hội,2026-08-07,2.4,1.0,1.4,29
Cửa Hội,2026-08-08,2.6,0.9,1.7,21
Cửa Hội,2026-08-09,2.7,0.8,1.9,19
Cửa Hội,2026-08-10,2.9,0.8,2.1,13
Cửa Hội,2026-08-11,3.0,0.7,2.3,10
Cửa Hội,2026-08-12,3.1,0.7,2.4,6
Cửa Hội,2026-08-13,3.2,0.6,2.6,1
Cửa Hội,2026-08-14,3.2,0.7,2.5,4
Cửa Hội,2026-08-15,3.1,0.7,2.4,6
Cửa Hội,2026-08-16,2.9,0.7,2.2,12
Cửa Hội,2026-08-17,2.8,0.8,2.0,16
Cửa Hội,2026-08-18,2.6,0.9,1.7,21
Cửa Hội,2026-08-19,2.5,0.9,1.6,24
Cửa Hội,2026-08-20,2.5,1.0,1.5,26
Cửa Hội,2026-08-21,2.4,1.0,1.4,29
Cửa Hội,2026-08-22,2.5,1.0,1.5,26
Cửa Hội,2026-08-23,2.7,0.9,1.8,20
Cửa Hội,2026-08-24,2.8,0.8,2.0,16
Cửa Hội,2026-08-25,2.9,0.8,2.1,13
Cửa Hội,2026-08-26,3.1,0.6,2.5,4
Cửa Hội,2026-08-27,3.2,0.6,2.6,1
Cửa Hội,2026-08-28,3.2,0.6,2.6,1
Cửa Hội,2026-08-29,3.1,0.7,2.4,6
Cửa Hội,2026-08-30,3.1,0.7,2.4,6
Cửa Hội,2026-08-31,2.9,0.8,2.1,13
Cửa Hội,2026-09-01,2.7,0.8,1.9,17
Cửa Hội,2026-09-02,2.6,0.9,1.7,21
Cửa Hội,2026-09-03,2.5,1.0,1.5,25
Cửa Hội,2026-09-04,2.4,1.0,1.4,27
Cửa Hội,2026-09-05,2.5,1.0,1.5,25
Cửa Hội,2026-09-06,2.5,0.9,1.6,24
Cửa Hội,2026-09-07,2.7,0.9,1.8,20
Cửa Hội,2026-09-08,2.8,0.8,2.0,13
Cửa Hội,2026-09-09,3.0,0.7,2.3,9
Cửa Hội,2026-09-10,3.1,0.6,2.5,2
Cửa Hội,2026-09-11,3.1,0.6,2.5,2
Cửa Hội,2026-09-12,3.2,0.7,2.5,2
Cửa Hội,2026-09-13,3.1,0.6,2.5,2
Cửa Hội,2026-09-14,3.0,0.7,2.3,9
Cửa Hội,2026-09-15,2.8,0.8,2.0,13
Cửa Hội,2026-09-16,2.7,0.8,1.9,17
Cửa Hội,2026-09-17,2.6,0.9,1.7,21
Cửa Hội,2026-09-18,2.4,1.0,1.4,27
Cửa Hội,2026-09-19,2.4,1.0,1.4,27
Cửa Hội,2026-09-20,2.4,1.0,1.4,27
Cửa Hội,2026-09-21,2.6,0.9,1.7,21
Cửa Hội,2026-09-22,2.7,0.8,1.9,17
Cửa Hội,2026-09-23,2.8,0.8,2.0,13
Cửa Hội,2026-09-24,3.0,0.7,2.3,9
Cửa Hội,2026-09-25,3.1,0.7,2.4,7
Cửa Hội,2026-09-26,3.2,0.7,2.5,2
Cửa Hội,2026-09-27,3.2,0.6,2.6,1
Cửa Hội,2026-09-28,3.1,0.7,2.4,7
Cửa Hội,2026-09-29,3.0,0.7,2.3,9
Cửa Hội,2026-09-30,2.8,0.8,2.0,13
Cửa Hội,2026-10-01,2.7,0.9,1.8,19
Cửa Hội,2026-10-02,2.5,0.9,1.6,24
Cửa Hội,2026-10-03,2.4,1.0,1.4,28
Cửa Hội,2026-10-04,2.4,1.0,1.4,28
Cửa Hội,2026-10-05,2.5,0.9,1.6,24
Cửa Hội,2026-10-06,2.6,0.9,1.7,20
Cửa Hội,2026-10-07,2.7,0.8,1.9,17
Cửa Hội,2026-10-08,2.9,0.7,2.2,11
Cửa Hội,2026-10-09,3.1,0.7,2.4,7
Cửa Hội,2026-10-10,3.2,0.7,2.5,4
Cửa Hội,2026-10-11,3.2,0.6,2.6,1
Cửa Hội,2026-10-12,3.2,0.7,2.5,4
Cửa Hội,2026-10-13,3.1,0.7,2.4,7
Cửa Hội,2026-10-14,2.9,0.7,2.2,11
Cửa Hội,2026-10-15,2.8,0.8,2.0,15
Cửa Hội,2026-10-16,2.6,0.9,1.7,20
Cửa Hội,2026-10-17,2.5,1.0,1.5,26
Cửa Hội,2026-10-18,2.4,1.0,1.4,28
Cửa Hội,2026-10-19,2.4,1.0,1.4,28
Cửa Hội,2026-10-20,2.5,1.0,1.5,26
Cửa Hội,2026-10-21,2.6,0.9,1.7,20
Cửa Hội,2026-10-22,2.8,0.8,2.0,15
Cửa Hội,2026-10-23,2.9,0.7,2.2,11
Cửa Hội,2026-10-24,3.1,0.7,2.4,7
Cửa Hội,2026-10-25,3.2,0.6,2.6,1
Cửa Hội,2026-10-26,3.2,0.6,2.6,1
Cửa Hội,2026-10-27,3.1,0.7,2.4,7
Cửa Hội,2026-10-28,3.1,0.6,2.5,4
Cửa Hội,2026-10-29,2.9,0.8,2.1,14
Cửa Hội,2026-10-30,2.7,0.8,1.9,17
Cửa Hội,2026-10-31,2.6,0.9,1.7,20
Cửa Hội,2026-11-01,2.5,0.9,1.6,24
Cửa Hội,2026-11-02,2.4,1.0,1.4,29
Cửa Hội,2026-11-03,2.4,1.0,1.4,29
Cửa Hội,2026-11-04,2.5,0.9,1.6,24
Cửa Hội,2026-11-05,2.7,0.8,1.9,17
Cửa Hội,2026-11-06,2.8,0.8,2.0,15
Cửa Hội,2026-11-07,3.0,0.7,2.3,9
Cửa Hội,2026-11-08,3.1,0.7,2.4,8
Cửa Hội,2026-11-09,3.2,0.6,2.6,1
Cửa Hội,2026-11-10,3.2,0.6,2.6,1
Cửa Hội,2026-11-11,3.1,0.6,2.5,5
Cửa Hội,2026-11-12,3.0,0.7,2.3,9
Cửa Hội,2026-11-13,2.9,0.8,2.1,13
Cửa Hội,2026-11-14,2.7,0.8,1.9,17
Cửa Hội,2026-11-15,2.6,0.9,1.7,21
Cửa Hội,2026-11-16,2.5,1.0,1.5,27
Cửa Hội,2026-11-17,2.5,1.0,1.5,27
Cửa Hội,2026-11-18,2.5,0.9,1.6,24
Cửa Hội,2026-11-19,2.6,0.9,1.7,21
Cửa Hội,2026-11-20,2.7,0.9,1.8,19
Cửa Hội,2026-11-21,2.9,0.8,2.1,13
Cửa Hội,2026-11-22,3.0,0.7,2.3,9
Cửa Hội,2026-11-23,3.1,0.6,2.5,5
Cửa Hội,2026-11-24,3.2,0.6,2.6,1
Cửa Hội,2026-11-25,3.2,0.6,2.6,1
Cửa Hội,2026-11-26,3.1,0.6,2.5,5
Cửa Hội,2026-11-27,2.9,0.7,2.2,12
Cửa Hội,2026-11-28,2.8,0.8,2.0,15
Cửa Hội,2026-11-29,2.7,0.9,1.8,19
Cửa Hội,2026-11-30,2.6,0.9,1.7,21
Cửa Hội,2026-12-01,2.4,1.0,1.4,27
Cửa Hội,2026-12-02,2.4,1.0,1.4,27
Cửa Hội,2026-12-03,2.5,1.0,1.5,26
Cửa Hội,2026-12-04,2.6,0.9,1.7,19
Cửa Hội,2026-12-05,2.7,0.8,1.9,17
Cửa Hội,2026-12-06,2.9,0.8,2.1,13
Cửa Hội,2026-12-07,3.1,0.7,2.4,7
Cửa Hội,2026-12-08,3.1,0.6,2.5,3
Cửa Hội,2026-12-09,3.2,0.6,2.6,1
Cửa Hội,2026-12-10,3.1,0.7,2.4,7
Cửa Hội,2026-12-11,3.1,0.6,2.5,3
Cửa Hội,2026-12-12,2.9,0.7,2.2,11
Cửa Hội,2026-12-13,2.8,0.8,2.0,15
Cửa Hội,2026-12-14,2.6,0.9,1.7,19
Cửa Hội,2026-12-15,2.5,0.9,1.6,23
Cửa Hội,2026-12-16,2.4,1.0,1.4,27
Cửa Hội,2026-12-17,2.4,1.0,1.4,27
Cửa Hội,2026-12-18,2.5,0.9,1.6,23
Cửa Hội,2026-12-19,2.6,0.9,1.7,19
Cửa Hội,2026-12-20,2.8,0.8,2.0,15
Cửa Hội,2026-12-21,2.9,0.7,2.2,11
Cửa Hội,2026-12-22,3.0,0.6,2.4,7
Cửa Hội,2026-12-23,3.2,0.7,2.5,3
Cửa Hội,2026-12-24,3.2,0.6,2.6,1
Cửa Hội,2026-12-25,3.1,0.6,2.5,3
Cửa Hội,2026-12-26,3.0,0.7,2.3,10
Cửa Hội,2026-12-27,2.9,0.8,2.1,13
Cửa Hội,2026-12-28,2.8,0.9,1.9,17
Cửa Hội,2026-12-29,2.6,0.9,1.7,19
Cửa Hội,2026-12-30,2.5,0.9,1.6,23
Cửa Hội,2026-12-31,2.4,1.0,1.4,27
Cửa Gianh,2026-01-01,2.8,0.7,2.1,12
Cửa Gianh,2026-01-02,3.0,0.6,2.4,2
Cửa Gianh,2026-01-03,3.0,0.7,2.3,7
Cửa Gianh,2026-01-04,3.1,0.6,2.5,1
Cửa Gianh,2026-01-05,3.0,0.6,2.4,2
Cửa Gianh,2026-01-06,2.9,0.7,2.2,9
Cửa Gianh,2026-01-07,2.8,0.8,2.0,14
Cửa Gianh,2026-01-08,2.6,0.8,1.8,18
Cửa Gianh,2026-01-09,2.5,0.9,1.6,22
Cửa Gianh,2026-01-10,2.4,0.9,1.5,25
Cửa Gianh,2026-01-11,2.3,1.0,1.3,30
Cửa Gianh,2026-01-12,2.4,0.9,1.5,25
Cửa Gianh,2026-01-13,2.5,0.9,1.6,22
Cửa Gianh,2026-01-14,2.6,0.9,1.7,19
Cửa Gianh,2026-01-15,2.7,0.8,1.9,16
Cửa Gianh,2026-01-16,2.9,0.7,2.2,9
Cửa Gianh,2026-01-17,3.0,0.7,2.3,7
Cửa Gianh,2026-01-18,3.1,0.7,2.4,2
Cửa Gianh,2026-01-19,3.1,0.7,2.4,2
Cửa Gianh,2026-01-20,3.0,0.6,2.4,2
Cửa Gianh,2026-01-21,2.8,0.7,2.1,12
Cửa Gianh,2026-01-22,2.7,0.8,1.9,16
Cửa Gianh,2026-01-23,2.6,0.9,1.7,19
Cửa Gianh,2026-01-24,2.4,0.9,1.5,25
Cửa Gianh,2026-01-25,2.4,0.9,1.5,25
Cửa Gianh,2026-01-26,2.3,1.0,1.3,30
Cửa Gianh,2026-01-27,2.4,0.9,1.5,25
Cửa Gianh,2026-01-28,2.5,0.9,1.6,22
Cửa Gianh,2026-01-29,2.6,0.9,1.7,19
Cửa Gianh,2026-01-30,2.7,0.7,2.0,14
Cửa Gianh,2026-01-31,2.9,0.7,2.2,9
Cửa Gianh,2026-02-01,3.0,0.6,2.4,3
Cửa Gianh,2026-02-02,3.1,0.6,2.5,1
Cửa Gianh,2026-02-03,3.0,0.7,2.3,6
Cửa Gianh,2026-02-04,3.0,0.7,2.3,6
Cửa Gianh,2026-02-05,2.8,0.7,2.1,10
Cửa Gianh,2026-02-06,2.7,0.8,1.9,13
Cửa Gianh,2026-02-07,2.6,0.9,1.7,17
Cửa Gianh,2026-02-08,2.4,0.9,1.5,21
Cửa Gianh,2026-02-09,2.3,1.0,1.3,28
Cửa Gianh,2026-02-10,2.4,1.0,1.4,24
Cửa Gianh,2026-02-11,2.4,1.0,1.4,24
Cửa Gianh,2026-02-12,2.5,0.9,1.6,18
Cửa Gianh,2026-02-13,2.6,0.8,1.8,15
Cửa Gianh,2026-02-14,2.8,0.7,2.1,10
Cửa Gianh,2026-02-15,2.9,0.7,2.2,8
Cửa Gianh,2026-02-16,3.0,0.6,2.4,3
Cửa Gianh,2026-02-17,3.1,0.6,2.5,1
Cửa Gianh,2026-02-18,3.0,0.6,2.4,3
Cửa Gianh,2026-02-19,2.9,0.7,2.2,8
Cửa Gianh,2026-02-20,2.8,0.8,2.0,12
Cửa Gianh,2026-02-21,2.6,0.8,1.8,15
Cửa Gianh,2026-02-22,2.5,0.9,1.6,18
Cửa Gianh,2026-02-23,2.4,0.9,1.5,21
Cửa Gianh,2026-02-24,2.4,1.0,1.4,24
Cửa Gianh,2026-02-25,2.3,0.9,1.4,24
Cửa Gianh,2026-02-26,2.4,0.9,1.5,21
Cửa Gianh,2026-02-27,2.5,0.9,1.6,18
Cửa Gianh,2026-02-28,2.7,0.8,1.9,13
Cửa Gianh,2026-03-01,2.8,0.7,2.1,13
Cửa Gianh,2026-03-02,3.0,0.7,2.3,5
Cửa Gianh,2026-03-03,3.1,0.6,2.5,1
Cửa Gianh,2026-03-04,3.1,0.6,2.5,1
Cửa Gianh,2026-03-05,3.0,0.7,2.3,5
Cửa Gianh,2026-03-06,2.9,0.7,2.2,9
Cửa Gianh,2026-03-07,2.8,0.7,2.1,13
Cửa Gianh,2026-03-08,2.6,0.9,1.7,18
Cửa Gianh,2026-03-09,2.5,0.9,1.6,22
Cửa Gianh,2026-03-10,2.4,1.0,1.4,27
Cửa Gianh,2026-03-11,2.3,1.0,1.3,30
Cửa Gianh,2026-03-12,2.3,1.0,1.3,30
Cửa Gianh,2026-03-13,2.5,0.9,1.6,22
Cửa Gianh,2026-03-14,2.6,0.9,1.7,18
Cửa Gianh,2026-03-15,2.7,0.8,1.9,16
Cửa Gianh,2026-03-16,2.9,0.7,2.2,9
Cửa Gianh,2026-03-17,3.0,0.7,2.3,5
Cửa Gianh,2026-03-18,3.1,0.6,2.5,1
Cửa Gianh,2026-03-19,3.0,0.6,2.4,4
Cửa Gianh,2026-03-20,3.0,0.7,2.3,5
Cửa Gianh,2026-03-21,2.9,0.7,2.2,9
Cửa Gianh,2026-03-22,2.7,0.8,1.9,16
Cửa Gianh,2026-03-23,2.6,0.9,1.7,18
Cửa Gianh,2026-03-24,2.5,0.9,1.6,22
Cửa Gianh,2026-03-25,2.4,0.9,1.5,26
Cửa Gianh,2026-03-26,2.4,1.0,1.4,27
Cửa Gianh,2026-03-27,2.4,1.0,1.4,27
Cửa Gianh,2026-03-28,2.5,0.9,1.6,22
Cửa Gianh,2026-03-29,2.6,0.9,1.7,18
Cửa Gianh,2026-03-30,2.8,0.8,2.0,15
Cửa Gianh,2026-03-31,2.9,0.7,2.2,9
Cửa Gianh,2026-04-01,3.0,0.7,2.3,6
Cửa Gianh,2026-04-02,3.1,0.7,2.4,2
Cửa Gianh,2026-04-03,3.1,0.7,2.4,2
Cửa Gianh,2026-04-04,3.0,0.7,2.3,6
Cửa Gianh,2026-04-05,2.8,0.7,2.1,11
Cửa Gianh,2026-04-06,2.7,0.8,1.9,15
Cửa Gianh,2026-04-07,2.6,0.9,1.7,19
Cửa Gianh,2026-04-08,2.4,1.0,1.4,26
Cửa Gianh,2026-04-09,2.3,0.9,1.4,26
Cửa Gianh,2026-04-10,2.3,1.0,1.3,29
Cửa Gianh,2026-04-11,2.4,0.9,1.5,23
Cửa Gianh,2026-04-12,2.5,0.9,1.6,20
Cửa Gianh,2026-04-13,2.6,0.8,1.8,18
Cửa Gianh,2026-04-14,2.8,0.7,2.1,11
Cửa Gianh,2026-04-15,2.9,0.7,2.2,9
Cửa Gianh,2026-04-16,3.0,0.6,2.4,2
Cửa Gianh,2026-04-17,3.1,0.6,2.5,1
Cửa Gianh,2026-04-18,3.1,0.7,2.4,2
Cửa Gianh,2026-04-19,2.9,0.7,2.2,9
Cửa Gianh,2026-04-20,2.7,0.7,2.0,14
Cửa Gianh,2026-04-21,2.7,0.8,1.9,15
Cửa Gianh,2026-04-22,2.5,0.9,1.6,20
Cửa Gianh,2026-04-23,2.4,0.9,1.5,23
Cửa Gianh,2026-04-24,2.3,1.0,1.3,29
Cửa Gianh,2026-04-25,2.4,1.0,1.4,26
Cửa Gianh,2026-04-26,2.4,0.9,1.5,23
Cửa Gianh,2026-04-27,2.5,0.9,1.6,20
Cửa Gianh,2026-04-28,2.7,0.8,1.9,15
Cửa Gianh,2026-04-29,2.8,0.7,2.1,11
Cửa Gianh,2026-04-30,3.0,0.7,2.3,6
Cửa Gianh,2026-05-01,3.0,0.6,2.4,2
Cửa Gianh,2026-05-02,3.1,0.7,2.4,2
Cửa Gianh,2026-05-03,3.0,0.6,2.4,2
Cửa Gianh,2026-05-04,2.9,0.7,2.2,10
Cửa Gianh,2026-05-05,2.8,0.8,2.0,14
Cửa Gianh,2026-05-06,2.6,0.9,1.7,19
Cửa Gianh,2026-05-07,2.5,0.9,1.6,22
Cửa Gianh,2026-05-08,2.4,0.9,1.5,26
Cửa Gianh,2026-05-09,2.3,1.0,1.3,28
Cửa Gianh,2026-05-10,2.3,1.0,1.3,28
Cửa Gianh,2026-05-11,2.5,0.9,1.6,22
Cửa Gianh,2026-05-12,2.6,0.8,1.8,18
Cửa Gianh,2026-05-13,2.8,0.8,2.0,14
Cửa Gianh,2026-05-14,2.9,0.8,2.1,13
Cửa Gianh,2026-05-15,3.0,0.6,2.4,2
Cửa Gianh,2026-05-16,3.1,0.6,2.5,1
Cửa Gianh,2026-05-17,3.0,0.7,2.3,7
Cửa Gianh,2026-05-18,3.0,0.7,2.3,7
Cửa Gianh,2026-05-19,2.9,0.7,2.2,10
Cửa Gianh,2026-05-20,2.7,0.8,1.9,17
Cửa Gianh,2026-05-21,2.6,0.9,1.7,19
Cửa Gianh,2026-05-22,2.5,0.9,1.6,22
Cửa Gianh,2026-05-23,2.4,1.0,1.4,27
Cửa Gianh,2026-05-24,2.3,1.0,1.3,28
Cửa Gianh,2026-05-25,2.3,1.0,1.3,28
Cửa Gianh,2026-05-26,2.5,0.9,1.6,22
Cửa Gianh,2026-05-27,2.6,0.9,1.7,19
Cửa Gianh,2026-05-28,2.8,0.8,2.0,14
Cửa Gianh,2026-05-29,2.9,0.7,2.2,10
Cửa Gianh,2026-05-30,3.0,0.7,2.3,7
Cửa Gianh,2026-05-31,3.0,0.6,2.4,2
Cửa Gianh,2026-06-01,3.1,0.6,2.5,1
Cửa Gianh,2026-06-02,2.9,0.6,2.3,5
Cửa Gianh,2026-06-03,2.8,0.7,2.1,11
Cửa Gianh,2026-06-04,2.7,0.8,1.9,15
Cửa Gianh,2026-06-05,2.5,0.9,1.6,19
Cửa Gianh,2026-06-06,2.4,0.9,1.5,23
Cửa Gianh,2026-06-07,2.4,1.0,1.4,27
Cửa Gianh,2026-06-08,2.3,1.0,1.3,29
Cửa Gianh,2026-06-09,2.4,0.9,1.5,23
Cửa Gianh,2026-06-10,2.5,0.9,1.6,19
Cửa Gianh,2026-06-11,2.6,0.9,1.7,18
Cửa Gianh,2026-06-12,2.8,0.7,2.1,11
Cửa Gianh,2026-06-13,2.9,0.7,2.2,9
Cửa Gianh,2026-06-14,3.0,0.6,2.4,4
Cửa Gianh,2026-06-15,3.1,0.6,2.5,1
Cửa Gianh,2026-06-16,3.0,0.7,2.3,5
Cửa Gianh,2026-06-17,2.9,0.7,2.2,9
Cửa Gianh,2026-06-18,2.8,0.7,2.1,11
Cửa Gianh,2026-06-19,2.6,0.8,1.8,17
Cửa Gianh,2026-06-20,2.5,0.9,1.6,19
Cửa Gianh,2026-06-21,2.4,0.9,1.5,23
Cửa Gianh,2026-06-22,2.3,1.0,1.3,29
Cửa Gianh,2026-06-23,2.3,0.9,1.4,27
Cửa Gianh,2026-06-24,2.4,0.9,1.5,23
Cửa Gianh,2026-06-25,2.5,0.9,1.6,19
Cửa Gianh,2026-06-26,2.7,0.8,1.9,15
Cửa Gianh,2026-06-27,2.8,0.7,2.1,11
Cửa Gianh,2026-06-28,3.0,0.7,2.3,5
Cửa Gianh,2026-06-29,3.0,0.7,2.3,5
Cửa Gianh,2026-06-30,3.1,0.6,2.5,1
Cửa Gianh,2026-07-01,3.0,0.7,2.3,7
Cửa Gianh,2026-07-02,2.9,0.7,2.2,9
Cửa Gianh,2026-07-03,2.8,0.7,2.1,13
Cửa Gianh,2026-07-04,2.7,0.8,1.9,16
Cửa Gianh,2026-07-05,2.5,0.9,1.6,21
Cửa Gianh,2026-07-06,2.4,1.0,1.4,26
Cửa Gianh,2026-07-07,2.4,1.0,1.4,26
Cửa Gianh,2026-07-08,2.4,1.0,1.4,26
Cửa Gianh,2026-07-09,2.5,0.9,1.6,21
Cửa Gianh,2026-07-10,2.5,0.9,1.6,21
Cửa Gianh,2026-07-11,2.7,0.8,1.9,16
Cửa Gianh,2026-07-12,2.8,0.7,2.1,13
Cửa Gianh,2026-07-13,2.9,0.7,2.2,9
Cửa Gianh,2026-07-14,3.1,0.6,2.5,1
Cửa Gianh,2026-07-15,3.0,0.6,2.4,3
Cửa Gianh,2026-07-16,3.0,0.6,2.4,3
Cửa Gianh,2026-07-17,2.9,0.7,2.2,9
Cửa Gianh,2026-07-18,2.8,0.8,2.0,15
Cửa Gianh,2026-07-19,2.6,0.8,1.8,19
Cửa Gianh,2026-07-20,2.5,0.9,1.6,21
Cửa Gianh,2026-07-21,2.3,1.0,1.3,30
Cửa Gianh,2026-07-22,2.3,1.0,1.3,30
Cửa Gianh,2026-07-23,2.4,1.0,1.4,26
Cửa Gianh,2026-07-24,2.5,0.9,1.6,21
Cửa Gianh,2026-07-25,2.6,0.9,1.7,20
Cửa Gianh,2026-07-26,2.7,0.8,1.9,16
Cửa Gianh,2026-07-27,2.9,0.7,2.2,9
Cửa Gianh,2026-07-28,3.0,0.6,2.4,3
Cửa Gianh,2026-07-29,3.0,0.7,2.3,7
Cửa Gianh,2026-07-30,3.1,0.6,2.5,1
Cửa Gianh,2026-07-31,3.0,0.6,2.4,3
Cửa Gianh,2026-08-01,2.9,0.7,2.2,8
Cửa Gianh,2026-08-02,2.7,0.8,1.9,16
Cửa Gianh,2026-08-03,2.6,0.9,1.7,20
Cửa Gianh,2026-08-04,2.4,0.9,1.5,24
Cửa Gianh,2026-08-05,2.3,1.0,1.3,29
Cửa Gianh,2026-08-06,2.3,1.0,1.3,29
Cửa Gianh,2026-08-07,2.4,0.9,1.5,24
Cửa Gianh,2026-08-08,2.5,0.9,1.6,21
Cửa Gianh,2026-08-09,2.6,0.8,1.8,19
Cửa Gianh,2026-08-10,2.8,0.8,2.0,13
Cửa Gianh,2026-08-11,2.9,0.7,2.2,8
Cửa Gianh,2026-08-12,3.0,0.7,2.3,6
Cửa Gianh,2026-08-13,3.1,0.6,2.5,1
Cửa Gianh,2026-08-14,3.0,0.6,2.4,2
Cửa Gianh,2026-08-15,2.9,0.7,2.2,8
Cửa Gianh,2026-08-16,2.8,0.8,2.0,13
Cửa Gianh,2026-08-17,2.7,0.8,1.9,16
Cửa Gianh,2026-08-18,2.5,0.9,1.6,21
Cửa Gianh,2026-08-19,2.4,0.9,1.5,24
Cửa Gianh,2026-08-20,2.3,1.0,1.3,29
Cửa Gianh,2026-08-21,2.3,0.9,1.4,28
Cửa Gianh,2026-08-22,2.4,0.9,1.5,24
Cửa Gianh,2026-08-23,2.5,0.9,1.6,21
Cửa Gianh,2026-08-24,2.7,0.8,1.9,16
Cửa Gianh,2026-08-25,2.8,0.7,2.1,12
Cửa Gianh,2026-08-26,3.0,0.7,2.3,6
Cửa Gianh,2026-08-27,3.0,0.6,2.4,2
Cửa Gianh,2026-08-28,3.0,0.6,2.4,2
Cửa Gianh,2026-08-29,3.1,0.7,2.4,2
Cửa Gianh,2026-08-30,2.9,0.7,2.2,8
Cửa Gianh,2026-08-31,2.8,0.8,2.0,13
Cửa Gianh,2026-09-01,2.6,0.8,1.8,17
Cửa Gianh,2026-09-02,2.5,0.9,1.6,21
Cửa Gianh,2026-09-03,2.4,1.0,1.4,26
Cửa Gianh,2026-09-04,2.3,1.0,1.3,29
Cửa Gianh,2026-09-05,2.4,0.9,1.5,24
Cửa Gianh,2026-09-06,2.4,0.9,1.5,24
Cửa Gianh,2026-09-07,2.6,0.9,1.7,19
Cửa Gianh,2026-09-08,2.7,0.8,1.9,14
Cửa Gianh,2026-09-09,2.9,0.7,2.2,9
Cửa Gianh,2026-09-10,3.0,0.7,2.3,5
Cửa Gianh,2026-09-11,3.0,0.6,2.4,3
Cửa Gianh,2026-09-12,3.1,0.6,2.5,1
Cửa Gianh,2026-09-13,3.0,0.7,2.3,5
Cửa Gianh,2026-09-14,2.9,0.7,2.2,9
Cửa Gianh,2026-09-15,2.7,0.8,1.9,14
Cửa Gianh,2026-09-16,2.6,0.9,1.7,19
Cửa Gianh,2026-09-17,2.5,0.9,1.6,21
Cửa Gianh,2026-09-18,2.4,1.0,1.4,26
Cửa Gianh,2026-09-19,2.3,1.0,1.3,29
Cửa Gianh,2026-09-20,2.4,1.0,1.4,26
Cửa Gianh,2026-09-21,2.5,0.9,1.6,21
Cửa Gianh,2026-09-22,2.6,0.8,1.8,17
Cửa Gianh,2026-09-23,2.8,0.8,2.0,13
Cửa Gianh,2026-09-24,2.9,0.7,2.2,9
Cửa Gianh,2026-09-25,3.0,0.7,2.3,5
Cửa Gianh,2026-09-26,3.0,0.6,2.4,3
Cửa Gianh,2026-09-27,3.1,0.6,2.5,1
Cửa Gianh,2026-09-28,3.0,0.7,2.3,5
Cửa Gianh,2026-09-29,2.9,0.7,2.2,9
Cửa Gianh,2026-09-30,2.7,0.8,1.9,14
Cửa Gianh,2026-10-01,2.6,0.9,1.7,18
Cửa Gianh,2026-10-02,2.4,0.9,1.5,24
Cửa Gianh,2026-10-03,2.4,1.0,1.4,27
Cửa Gianh,2026-10-04,2.3,1.0,1.3,30
Cửa Gianh,2026-10-05,2.4,0.9,1.5,24
Cửa Gianh,2026-10-06,2.5,0.9,1.6,20
Cửa Gianh,2026-10-07,2.6,0.8,1.8,17
Cửa Gianh,2026-10-08,2.8,0.7,2.1,11
Cửa Gianh,2026-10-09,2.9,0.7,2.2,8
Cửa Gianh,2026-10-10,3.0,0.6,2.4,2
Cửa Gianh,2026-10-11,3.1,0.7,2.4,2
Cửa Gianh,2026-10-12,3.0,0.6,2.4,2
Cửa Gianh,2026-10-13,3.0,0.7,2.3,7
Cửa Gianh,2026-10-14,2.8,0.7,2.1,11
Cửa Gianh,2026-10-15,2.7,0.8,1.9,15
Cửa Gianh,2026-10-16,2.5,0.9,1.6,20
Cửa Gianh,2026-10-17,2.4,1.0,1.4,27
Cửa Gianh,2026-10-18,2.3,1.0,1.3,30
Cửa Gianh,2026-10-19,2.4,1.0,1.4,27
Cửa Gianh,2026-10-20,2.4,0.9,1.5,24
Cửa Gianh,2026-10-21,2.5,0.9,1.6,20
Cửa Gianh,2026-10-22,2.7,0.8,1.9,15
Cửa Gianh,2026-10-23,2.8,0.8,2.0,13
Cửa Gianh,2026-10-24,2.9,0.7,2.2,8
Cửa Gianh,2026-10-25,3.1,0.7,2.4,2
Cửa Gianh,2026-10-26,3.1,0.6,2.5,1
Cửa Gianh,2026-10-27,3.0,0.6,2.4,2
Cửa Gianh,2026-10-28,2.9,0.7,2.2,8
Cửa Gianh,2026-10-29,2.8,0.8,2.0,13
Cửa Gianh,2026-10-30,2.6,0.9,1.7,18
Cửa Gianh,2026-10-31,2.5,0.9,1.6,20
Cửa Gianh,2026-11-01,2.4,1.0,1.4,25
Cửa Gianh,2026-11-02,2.3,1.0,1.3,29
Cửa Gianh,2026-11-03,2.4,1.0,1.4,25
Cửa Gianh,2026-11-04,2.4,0.9,1.5,23
Cửa Gianh,2026-11-05,2.5,0.9,1.6,20
Cửa Gianh,2026-11-06,2.7,0.8,1.9,14
Cửa Gianh,2026-11-07,2.9,0.8,2.1,12
Cửa Gianh,2026-11-08,3.0,0.6,2.4,3
Cửa Gianh,2026-11-09,3.1,0.6,2.5,1
Cửa Gianh,2026-11-10,3.1,0.7,2.4,3
Cửa Gianh,2026-11-11,3.0,0.7,2.3,6
Cửa Gianh,2026-11-12,2.9,0.7,2.2,9
Cửa Gianh,2026-11-13,2.8,0.8,2.0,13
Cửa Gianh,2026-11-14,2.6,0.9,1.7,18
Cửa Gianh,2026-11-15,2.5,0.9,1.6,20
Cửa Gianh,2026-11-16,2.4,1.0,1.4,25
Cửa Gianh,2026-11-17,2.3,1.0,1.3,29
Cửa Gianh,2026-11-18,2.4,1.0,1.4,25
Cửa Gianh,2026-11-19,2.5,0.9,1.6,20
Cửa Gianh,2026-11-20,2.6,0.8,1.8,17
Cửa Gianh,2026-11-21,2.7,0.8,1.9,14
Cửa Gianh,2026-11-22,2.9,0.7,2.2,9
Cửa Gianh,2026-11-23,3.0,0.7,2.3,6
Cửa Gianh,2026-11-24,3.0,0.6,2.4,3
Cửa Gianh,2026-11-25,3.1,0.6,2.5,1
Cửa Gianh,2026-11-26,3.0,0.7,2.3,6
Cửa Gianh,2026-11-27,2.9,0.7,2.2,9
Cửa Gianh,2026-11-28,2.7,0.8,1.9,14
Cửa Gianh,2026-11-29,2.6,0.9,1.7,18
Cửa Gianh,2026-11-30,2.4,0.9,1.5,23
Cửa Gianh,2026-12-01,2.4,1.0,1.4,25
Cửa Gianh,2026-12-02,2.4,0.9,1.5,23
Cửa Gianh,2026-12-03,2.4,1.0,1.4,25
Cửa Gianh,2026-12-04,2.5,0.9,1.6,20
Cửa Gianh,2026-12-05,2.6,0.8,1.8,17
Cửa Gianh,2026-12-06,2.8,0.8,2.0,11
Cửa Gianh,2026-12-07,2.9,0.7,2.2,9
Cửa Gianh,2026-12-08,3.0,0.6,2.4,2
Cửa Gianh,2026-12-09,3.1,0.7,2.4,2
Cửa Gianh,2026-12-10,3.1,0.6,2.5,1
Cửa Gianh,2026-12-11,3.0,0.7,2.3,6
Cửa Gianh,2026-12-12,2.8,0.8,2.0,11
Cửa Gianh,2026-12-13,2.7,0.8,1.9,15
Cửa Gianh,2026-12-14,2.6,0.9,1.7,19
Cửa Gianh,2026-12-15,2.4,0.9,1.5,23
Cửa Gianh,2026-12-16,2.3,1.0,1.3,30
Cửa Gianh,2026-12-17,2.3,1.0,1.3,30
Cửa Gianh,2026-12-18,2.4,1.0,1.4,25
Cửa Gianh,2026-12-19,2.5,0.9,1.6,20
Cửa Gianh,2026-12-20,2.7,0.8,1.9,15
Cửa Gianh,2026-12-21,2.8,0.8,2.0,11
Cửa Gianh,2026-12-22,3.0,0.7,2.3,6
Cửa Gianh,2026-12-23,3.0,0.6,2.4,2
Cửa Gianh,2026-12-24,3.0,0.6,2.4,2
Cửa Gianh,2026-12-25,3.0,0.7,2.3,6
Cửa Gianh,2026-12-26,2.9,0.7,2.2,9
Cửa Gianh,2026-12-27,2.8,0.8,2.0,11
Cửa Gianh,2026-12-28,2.6,0.8,1.8,17
Cửa Gianh,2026-12-29,2.5,0.9,1.6,20
Cửa Gianh,2026-12-30,2.4,1.0,1.4,25
Cửa Gianh,2026-12-31,2.4,1.0,1.4,25
Cửa Việt,2026-01-01,2.7,0.9,1.8,11
Cửa Việt,2026-01-02,2.7,0.8,1.9,7
Cửa Việt,2026-01-03,2.8,0.8,2.0,2
Cửa Việt,2026-01-04,2.8,0.8,2.0,2
Cửa Việt,2026-01-05,2.8,0.8,2.0,2
Cửa Việt,2026-01-06,2.7,0.8,1.9,7
Cửa Việt,2026-01-07,2.6,0.9,1.7,14
Cửa Việt,2026-01-08,2.4,0.9,1.5,19
Cửa Việt,2026-01-09,2.3,1.0,1.3,22
Cửa Việt,2026-01-10,2.2,1.0,1.2,27
Cửa Việt,2026-01-11,2.2,1.0,1.2,27
Cửa Việt,2026-01-12,2.3,1.1,1.2,27
Cửa Việt,2026-01-13,2.3,1.0,1.3,22
Cửa Việt,2026-01-14,2.4,0.9,1.5,19
Cửa Việt,2026-01-15,2.6,0.9,1.7,14
Cửa Việt,2026-01-16,2.6,0.8,1.8,11
Cửa Việt,2026-01-17,2.8,0.8,2.0,2
Cửa Việt,2026-01-18,2.8,0.8,2.0,2
Cửa Việt,2026-01-19,2.8,0.7,2.1,1
Cửa Việt,2026-01-20,2.7,0.8,1.9,7
Cửa Việt,2026-01-21,2.6,0.8,1.8,11
Cửa Việt,2026-01-22,2.5,0.9,1.6,17
Cửa Việt,2026-01-23,2.3,0.9,1.4,21
Cửa Việt,2026-01-24,2.3,1.0,1.3,22
Cửa Việt,2026-01-25,2.2,1.0,1.2,27
Cửa Việt,2026-01-26,2.2,1.0,1.2,27
Cửa Việt,2026-01-27,2.3,1.0,1.3,22
Cửa Việt,2026-01-28,2.3,1.0,1.3,22
Cửa Việt,2026-01-29,2.5,0.9,1.6,17
Cửa Việt,2026-01-30,2.6,0.9,1.7,14
Cửa Việt,2026-01-31,2.7,0.8,1.9,7
Cửa Việt,2026-02-01,2.8,0.8,2.0,2
Cửa Việt,2026-02-02,2.8,0.7,2.1,1
Cửa Việt,2026-02-03,2.8,0.8,2.0,2
Cửa Việt,2026-02-04,2.7,0.8,1.9,7
Cửa Việt,2026-02-05,2.6,0.8,1.8,10
Cửa Việt,2026-02-06,2.5,0.9,1.6,13
Cửa Việt,2026-02-07,2.3,1.0,1.3,20
Cửa Việt,2026-02-08,2.3,1.0,1.3,20
Cửa Việt,2026-02-09,2.2,1.0,1.2,23
Cửa Việt,2026-02-10,2.2,1.0,1.2,23
Cửa Việt,2026-02-11,2.2,1.0,1.2,23
Cửa Việt,2026-02-12,2.4,1.0,1.4,17
Cửa Việt,2026-02-13,2.4,0.9,1.5,15
Cửa Việt,2026-02-14,2.6,0.9,1.7,12
Cửa Việt,2026-02-15,2.7,0.8,1.9,7
Cửa Việt,2026-02-16,2.8,0.8,2.0,2
Cửa Việt,2026-02-17,2.8,0.8,2.0,2
Cửa Việt,2026-02-18,2.8,0.8,2.0,2
Cửa Việt,2026-02-19,2.7,0.8,1.9,7
Cửa Việt,2026-02-20,2.6,0.8,1.8,10
Cửa Việt,2026-02-21,2.4,0.9,1.5,15
Cửa Việt,2026-02-22,2.4,1.0,1.4,17
Cửa Việt,2026-02-23,2.2,1.0,1.2,23
Cửa Việt,2026-02-24,2.2,1.1,1.1,28
Cửa Việt,2026-02-25,2.2,1.0,1.2,23
Cửa Việt,2026-02-26,2.3,1.0,1.3,20
Cửa Việt,2026-02-27,2.4,1.0,1.4,17
Cửa Việt,2026-02-28,2.5,0.9,1.6,13
Cửa Việt,2026-03-01,2.6,0.9,1.7,14
Cửa Việt,2026-03-02,2.8,0.8,2.0,3
Cửa Việt,2026-03-03,2.8,0.8,2.0,3
Cửa Việt,2026-03-04,2.8,0.7,2.1,1
Cửa Việt,2026-03-05,2.7,0.7,2.0,3
Cửa Việt,2026-03-06,2.7,0.8,1.9,9
Cửa Việt,2026-03-07,2.6,0.8,1.8,11
Cửa Việt,2026-03-08,2.4,0.9,1.5,18
Cửa Việt,2026-03-09,2.3,1.0,1.3,22
Cửa Việt,2026-03-10,2.2,1.0,1.2,25
Cửa Việt,2026-03-11,2.2,1.1,1.1,31
Cửa Việt,2026-03-12,2.2,1.0,1.2,25
Cửa Việt,2026-03-13,2.3,1.0,1.3,22
Cửa Việt,2026-03-14,2.4,1.0,1.4,21
Cửa Việt,2026-03-15,2.5,0.9,1.6,16
Cửa Việt,2026-03-16,2.6,0.8,1.8,11
Cửa Việt,2026-03-17,2.8,0.8,2.0,3
Cửa Việt,2026-03-18,2.8,0.7,2.1,1
Cửa Việt,2026-03-19,2.8,0.8,2.0,3
Cửa Việt,2026-03-20,2.8,0.8,2.0,3
Cửa Việt,2026-03-21,2.6,0.8,1.8,11
Cửa Việt,2026-03-22,2.5,0.9,1.6,16
Cửa Việt,2026-03-23,2.4,0.9,1.5,18
Cửa Việt,2026-03-24,2.2,1.0,1.2,25
Cửa Việt,2026-03-25,2.2,1.0,1.2,25
Cửa Việt,2026-03-26,2.2,1.0,1.2,25
Cửa Việt,2026-03-27,2.2,1.0,1.2,25
Cửa Việt,2026-03-28,2.3,1.0,1.3,22
Cửa Việt,2026-03-29,2.4,0.9,1.5,18
Cửa Việt,2026-03-30,2.6,0.9,1.7,14
Cửa Việt,2026-03-31,2.7,0.8,1.9,9
Cửa Việt,2026-04-01,2.7,0.8,1.9,6
Cửa Việt,2026-04-02,2.8,0.7,2.1,1
Cửa Việt,2026-04-03,2.8,0.8,2.0,3
Cửa Việt,2026-04-04,2.7,0.8,1.9,6
Cửa Việt,2026-04-05,2.6,0.8,1.8,11
Cửa Việt,2026-04-06,2.5,0.9,1.6,15
Cửa Việt,2026-04-07,2.4,1.0,1.4,19
Cửa Việt,2026-04-08,2.2,1.0,1.2,25
Cửa Việt,2026-04-09,2.2,1.1,1.1,29
Cửa Việt,2026-04-10,2.2,1.0,1.2,25
Cửa Việt,2026-04-11,2.2,1.0,1.2,25
Cửa Việt,2026-04-12,2.3,1.0,1.3,21
Cửa Việt,2026-04-13,2.5,0.9,1.6,15
Cửa Việt,2026-04-14,2.6,0.8,1.8,11
Cửa Việt,2026-04-15,2.7,0.8,1.9,6
Cửa Việt,2026-04-16,2.8,0.8,2.0,3
Cửa Việt,2026-04-17,2.8,0.8,2.0,3
Cửa Việt,2026-04-18,2.8,0.7,2.1,1
Cửa Việt,2026-04-19,2.7,0.8,1.9,6
Cửa Việt,2026-04-20,2.6,0.9,1.7,14
Cửa Việt,2026-04-21,2.5,0.9,1.6,15
Cửa Việt,2026-04-22,2.3,1.0,1.3,21
Cửa Việt,2026-04-23,2.3,1.0,1.3,21
Cửa Việt,2026-04-24,2.2,1.1,1.1,29
Cửa Việt,2026-04-25,2.2,1.0,1.2,25
Cửa Việt,2026-04-26,2.3,1.0,1.3,21
Cửa Việt,2026-04-27,2.3,0.9,1.4,19
Cửa Việt,2026-04-28,2.4,0.9,1.5,18
Cửa Việt,2026-04-29,2.6,0.8,1.8,11
Cửa Việt,2026-04-30,2.7,0.8,1.9,6
Cửa Việt,2026-05-01,2.8,0.8,2.0,3
Cửa Việt,2026-05-02,2.8,0.8,2.0,3
Cửa Việt,2026-05-03,2.7,0.8,1.9,8
Cửa Việt,2026-05-04,2.7,0.8,1.9,8
Cửa Việt,2026-05-05,2.6,0.9,1.7,13
Cửa Việt,2026-05-06,2.4,0.9,1.5,18
Cửa Việt,2026-05-07,2.3,1.0,1.3,22
Cửa Việt,2026-05-08,2.3,1.0,1.3,22
Cửa Việt,2026-05-09,2.2,1.1,1.1,31
Cửa Việt,2026-05-10,2.2,1.0,1.2,27
Cửa Việt,2026-05-11,2.3,1.0,1.3,22
Cửa Việt,2026-05-12,2.4,1.0,1.4,20
Cửa Việt,2026-05-13,2.6,0.9,1.7,13
Cửa Việt,2026-05-14,2.6,0.8,1.8,12
Cửa Việt,2026-05-15,2.7,0.8,1.9,8
Cửa Việt,2026-05-16,2.8,0.8,2.0,3
Cửa Việt,2026-05-17,2.8,0.7,2.1,1
Cửa Việt,2026-05-18,2.8,0.7,2.1,1
Cửa Việt,2026-05-19,2.6,0.9,1.7,13
Cửa Việt,2026-05-20,2.5,0.9,1.6,17
Cửa Việt,2026-05-21,2.4,0.9,1.5,18
Cửa Việt,2026-05-22,2.3,1.0,1.3,22
Cửa Việt,2026-05-23,2.2,1.0,1.2,27
Cửa Việt,2026-05-24,2.2,1.0,1.2,27
Cửa Việt,2026-05-25,2.2,1.0,1.2,27
Cửa Việt,2026-05-26,2.3,1.0,1.3,22
Cửa Việt,2026-05-27,2.4,1.0,1.4,20
Cửa Việt,2026-05-28,2.6,0.9,1.7,13
Cửa Việt,2026-05-29,2.7,0.8,1.9,8
Cửa Việt,2026-05-30,2.8,0.8,2.0,3
Cửa Việt,2026-05-31,2.8,0.8,2.0,3
Cửa Việt,2026-06-01,2.8,0.8,2.0,1
Cửa Việt,2026-06-02,2.7,0.8,1.9,7
Cửa Việt,2026-06-03,2.6,0.8,1.8,11
Cửa Việt,2026-06-04,2.5,0.9,1.6,15
Cửa Việt,2026-06-05,2.4,0.9,1.5,17
Cửa Việt,2026-06-06,2.3,1.0,1.3,21
Cửa Việt,2026-06-07,2.2,1.0,1.2,25
Cửa Việt,2026-06-08,2.2,1.0,1.2,25
Cửa Việt,2026-06-09,2.3,1.1,1.2,25
Cửa Việt,2026-06-10,2.3,1.0,1.3,21
Cửa Việt,2026-06-11,2.4,0.9,1.5,17
Cửa Việt,2026-06-12,2.6,0.9,1.7,12
Cửa Việt,2026-06-13,2.7,0.8,1.9,7
Cửa Việt,2026-06-14,2.8,0.8,2.0,1
Cửa Việt,2026-06-15,2.8,0.8,2.0,1
Cửa Việt,2026-06-16,2.7,0.7,2.0,1
Cửa Việt,2026-06-17,2.7,0.8,1.9,7
Cửa Việt,2026-06-18,2.6,0.9,1.7,12
Cửa Việt,2026-06-19,2.4,1.0,1.4,19
Cửa Việt,2026-06-20,2.4,1.0,1.4,19
Cửa Việt,2026-06-21,2.2,1.0,1.2,25
Cửa Việt,2026-06-22,2.2,1.0,1.2,25
Cửa Việt,2026-06-23,2.2,1.0,1.2,25
Cửa Việt,2026-06-24,2.3,1.0,1.3,21
Cửa Việt,2026-06-25,2.3,1.0,1.3,21
Cửa Việt,2026-06-26,2.5,0.9,1.6,15
Cửa Việt,2026-06-27,2.6,0.9,1.7,12
Cửa Việt,2026-06-28,2.7,0.8,1.9,7
Cửa Việt,2026-06-29,2.8,0.8,2.0,1
Cửa Việt,2026-06-30,2.8,0.8,2.0,1
Cửa Việt,2026-07-01,2.8,0.8,2.0,4
Cửa Việt,2026-07-02,2.7,0.8,1.9,8
Cửa Việt,2026-07-03,2.6,0.9,1.7,14
Cửa Việt,2026-07-04,2.4,0.9,1.5,18
Cửa Việt,2026-07-05,2.3,1.0,1.3,22
Cửa Việt,2026-07-06,2.2,1.0,1.2,27
Cửa Việt,2026-07-07,2.2,1.1,1.1,30
Cửa Việt,2026-07-08,2.2,1.0,1.2,27
Cửa Việt,2026-07-09,2.3,1.0,1.3,22
Cửa Việt,2026-07-10,2.4,1.0,1.4,20
Cửa Việt,2026-07-11,2.5,0.9,1.6,16
Cửa Việt,2026-07-12,2.6,0.8,1.8,13
Cửa Việt,2026-07-13,2.7,0.8,1.9,8
Cửa Việt,2026-07-14,2.8,0.7,2.1,1
Cửa Việt,2026-07-15,2.8,0.8,2.0,4
Cửa Việt,2026-07-16,2.8,0.8,2.0,4
Cửa Việt,2026-07-17,2.7,0.8,1.9,8
Cửa Việt,2026-07-18,2.5,0.9,1.6,16
Cửa Việt,2026-07-19,2.4,1.0,1.4,20
Cửa Việt,2026-07-20,2.3,1.0,1.3,22
Cửa Việt,2026-07-21,2.2,1.0,1.2,27
Cửa Việt,2026-07-22,2.2,1.1,1.1,30
Cửa Việt,2026-07-23,2.3,1.0,1.3,22
Cửa Việt,2026-07-24,2.3,1.0,1.3,22
Cửa Việt,2026-07-25,2.4,0.9,1.5,18
Cửa Việt,2026-07-26,2.6,0.9,1.7,14
Cửa Việt,2026-07-27,2.7,0.8,1.9,8
Cửa Việt,2026-07-28,2.8,0.8,2.0,4
Cửa Việt,2026-07-29,2.8,0.7,2.1,1
Cửa Việt,2026-07-30,2.8,0.7,2.1,1
Cửa Việt,2026-07-31,2.7,0.8,1.9,8
Cửa Việt,2026-08-01,2.6,0.8,1.8,11
Cửa Việt,2026-08-02,2.5,0.9,1.6,16
Cửa Việt,2026-08-03,2.4,0.9,1.5,19
Cửa Việt,2026-08-04,2.3,1.0,1.3,24
Cửa Việt,2026-08-05,2.2,1.1,1.1,29
Cửa Việt,2026-08-06,2.2,1.1,1.1,29
Cửa Việt,2026-08-07,2.3,1.0,1.3,24
Cửa Việt,2026-08-08,2.4,1.0,1.4,21
Cửa Việt,2026-08-09,2.4,0.9,1.5,19
Cửa Việt,2026-08-10,2.6,0.9,1.7,13
Cửa Việt,2026-08-11,2.7,0.8,1.9,6
Cửa Việt,2026-08-12,2.8,0.8,2.0,4
Cửa Việt,2026-08-13,2.8,0.7,2.1,1
Cửa Việt,2026-08-14,2.8,0.7,2.1,1
Cửa Việt,2026-08-15,2.7,0.8,1.9,6
Cửa Việt,2026-08-16,2.6,0.8,1.8,11
Cửa Việt,2026-08-17,2.5,0.9,1.6,16
Cửa Việt,2026-08-18,2.3,0.9,1.4,21
Cửa Việt,2026-08-19,2.3,1.0,1.3,24
Cửa Việt,2026-08-20,2.2,1.1,1.1,29
Cửa Việt,2026-08-21,2.2,1.0,1.2,28
Cửa Việt,2026-08-22,2.3,1.0,1.3,24
Cửa Việt,2026-08-23,2.4,1.0,1.4,21
Cửa Việt,2026-08-24,2.5,0.9,1.6,16
Cửa Việt,2026-08-25,2.6,0.9,1.7,13
Cửa Việt,2026-08-26,2.7,0.8,1.9,6
Cửa Việt,2026-08-27,2.8,0.7,2.1,1
Cửa Việt,2026-08-28,2.8,0.8,2.0,4
Cửa Việt,2026-08-29,2.7,0.8,1.9,6
Cửa Việt,2026-08-30,2.7,0.8,1.9,6
Cửa Việt,2026-08-31,2.6,0.9,1.7,13
Cửa Việt,2026-09-01,2.4,0.9,1.5,17
Cửa Việt,2026-09-02,2.4,1.0,1.4,21
Cửa Việt,2026-09-03,2.2,1.1,1.1,30
Cửa Việt,2026-09-04,2.2,1.0,1.2,25
Cửa Việt,2026-09-05,2.2,1.0,1.2,25
Cửa Việt,2026-09-06,2.3,1.1,1.2,25
Cửa Việt,2026-09-07,2.4,0.9,1.5,17
Cửa Việt,2026-09-08,2.5,0.9,1.6,13
Cửa Việt,2026-09-09,2.7,0.8,1.9,8
Cửa Việt,2026-09-10,2.7,0.8,1.9,8
Cửa Việt,2026-09-11,2.8,0.8,2.0,2
Cửa Việt,2026-09-12,2.8,0.8,2.0,2
Cửa Việt,2026-09-13,2.8,0.8,2.0,2
Cửa Việt,2026-09-14,2.6,0.8,1.8,11
Cửa Việt,2026-09-15,2.5,0.9,1.6,13
Cửa Việt,2026-09-16,2.4,0.9,1.5,17
Cửa Việt,2026-09-17,2.3,1.0,1.3,22
Cửa Việt,2026-09-18,2.3,1.0,1.3,22
Cửa Việt,2026-09-19,2.2,1.0,1.2,25
Cửa Việt,2026-09-20,2.2,1.0,1.2,25
Cửa Việt,2026-09-21,2.3,1.0,1.3,22
Cửa Việt,2026-09-22,2.4,0.9,1.5,17
Cửa Việt,2026-09-23,2.5,0.9,1.6,13
Cửa Việt,2026-09-24,2.7,0.8,1.9,8
Cửa Việt,2026-09-25,2.8,0.8,2.0,2
Cửa Việt,2026-09-26,2.8,0.8,2.0,2
Cửa Việt,2026-09-27,2.8,0.7,2.1,1
Cửa Việt,2026-09-28,2.8,0.8,2.0,2
Cửa Việt,2026-09-29,2.6,0.8,1.8,11
Cửa Việt,2026-09-30,2.5,0.9,1.6,13
Cửa Việt,2026-10-01,2.4,1.0,1.4,19
Cửa Việt,2026-10-02,2.3,1.0,1.3,21
Cửa Việt,2026-10-03,2.2,1.0,1.2,27
Cửa Việt,2026-10-04,2.2,1.1,1.1,31
Cửa Việt,2026-10-05,2.3,1.0,1.3,21
Cửa Việt,2026-10-06,2.3,1.0,1.3,21
Cửa Việt,2026-10-07,2.4,0.9,1.5,17
Cửa Việt,2026-10-08,2.6,0.8,1.8,11
Cửa Việt,2026-10-09,2.8,0.8,2.0,2
Cửa Việt,2026-10-10,2.8,0.8,2.0,2
Cửa Việt,2026-10-11,2.8,0.8,2.0,2
Cửa Việt,2026-10-12,2.8,0.8,2.0,2
Cửa Việt,2026-10-13,2.7,0.8,1.9,8
Cửa Việt,2026-10-14,2.6,0.8,1.8,11
Cửa Việt,2026-10-15,2.5,0.9,1.6,15
Cửa Việt,2026-10-16,2.3,1.0,1.3,21
Cửa Việt,2026-10-17,2.3,1.0,1.3,21
Cửa Việt,2026-10-18,2.2,1.0,1.2,27
Cửa Việt,2026-10-19,2.2,1.0,1.2,27
Cửa Việt,2026-10-20,2.2,1.0,1.2,27
Cửa Việt,2026-10-21,2.3,1.0,1.3,21
Cửa Việt,2026-10-22,2.5,0.9,1.6,15
Cửa Việt,2026-10-23,2.6,0.8,1.8,11
Cửa Việt,2026-10-24,2.7,0.8,1.9,8
Cửa Việt,2026-10-25,2.8,0.8,2.0,2
Cửa Việt,2026-10-26,2.8,0.7,2.1,1
Cửa Việt,2026-10-27,2.8,0.8,2.0,2
Cửa Việt,2026-10-28,2.7,0.8,1.9,8
Cửa Việt,2026-10-29,2.6,0.9,1.7,14
Cửa Việt,2026-10-30,2.5,1.0,1.5,17
Cửa Việt,2026-10-31,2.3,0.9,1.4,19
Cửa Việt,2026-11-01,2.3,1.0,1.3,20
Cửa Việt,2026-11-02,2.2,1.0,1.2,26
Cửa Việt,2026-11-03,2.2,1.0,1.2,26
Cửa Việt,2026-11-04,2.3,1.0,1.3,20
Cửa Việt,2026-11-05,2.4,1.0,1.4,19
Cửa Việt,2026-11-06,2.5,0.9,1.6,14
Cửa Việt,2026-11-07,2.6,0.8,1.8,11
Cửa Việt,2026-11-08,2.8,0.8,2.0,4
Cửa Việt,2026-11-09,2.8,0.7,2.1,1
Cửa Việt,2026-11-10,2.8,0.8,2.0,4
Cửa Việt,2026-11-11,2.8,0.8,2.0,4
Cửa Việt,2026-11-12,2.7,0.8,1.9,8
Cửa Việt,2026-11-13,2.6,0.9,1.7,13
Cửa Việt,2026-11-14,2.4,0.9,1.5,17
Cửa Việt,2026-11-15,2.3,1.0,1.3,20
Cửa Việt,2026-11-16,2.2,1.1,1.1,30
Cửa Việt,2026-11-17,2.2,1.0,1.2,26
Cửa Việt,2026-11-18,2.2,1.0,1.2,26
Cửa Việt,2026-11-19,2.3,1.0,1.3,20
Cửa Việt,2026-11-20,2.4,0.9,1.5,17
Cửa Việt,2026-11-21,2.5,0.9,1.6,14
Cửa Việt,2026-11-22,2.7,0.8,1.9,8
Cửa Việt,2026-11-23,2.7,0.8,1.9,8
Cửa Việt,2026-11-24,2.8,0.8,2.0,4
Cửa Việt,2026-11-25,2.8,0.7,2.1,1
Cửa Việt,2026-11-26,2.8,0.7,2.1,1
Cửa Việt,2026-11-27,2.6,0.8,1.8,11
Cửa Việt,2026-11-28,2.5,0.9,1.6,14
Cửa Việt,2026-11-29,2.3,1.0,1.3,20
Cửa Việt,2026-11-30,2.3,1.0,1.3,20
Cửa Việt,2026-12-01,2.2,1.0,1.2,25
Cửa Việt,2026-12-02,2.2,1.0,1.2,25
Cửa Việt,2026-12-03,2.2,1.0,1.2,25
Cửa Việt,2026-12-04,2.3,1.0,1.3,22
Cửa Việt,2026-12-05,2.5,1.0,1.5,16
Cửa Việt,2026-12-06,2.5,0.8,1.7,12
Cửa Việt,2026-12-07,2.7,0.8,1.9,6
Cửa Việt,2026-12-08,2.7,0.8,1.9,6
Cửa Việt,2026-12-09,2.8,0.8,2.0,2
Cửa Việt,2026-12-10,2.8,0.8,2.0,2
Cửa Việt,2026-12-11,2.7,0.8,1.9,6
Cửa Việt,2026-12-12,2.6,0.9,1.7,12
Cửa Việt,2026-12-13,2.4,0.9,1.5,16
Cửa Việt,2026-12-14,2.4,1.0,1.4,19
Cửa Việt,2026-12-15,2.2,1.0,1.2,25
Cửa Việt,2026-12-16,2.2,1.1,1.1,31
Cửa Việt,2026-12-17,2.2,1.0,1.2,25
Cửa Việt,2026-12-18,2.3,1.0,1.3,22
Cửa Việt,2026-12-19,2.4,1.0,1.4,19
Cửa Việt,2026-12-20,2.5,0.9,1.6,15
Cửa Việt,2026-12-21,2.6,0.9,1.7,12
Cửa Việt,2026-12-22,2.7,0.8,1.9,6
Cửa Việt,2026-12-23,2.8,0.7,2.1,1
Cửa Việt,2026-12-24,2.8,0.8,2.0,2
Cửa Việt,2026-12-25,2.8,0.8,2.0,2
Cửa Việt,2026-12-26,2.7,0.8,1.9,6
Cửa Việt,2026-12-27,2.6,0.8,1.8,11
Cửa Việt,2026-12-28,2.4,0.9,1.5,16
Cửa Việt,2026-12-29,2.4,1.0,1.4,19
Cửa Việt,2026-12-30,2.3,1.0,1.3,22
Cửa Việt,2026-12-31,2.2,1.0,1.2,25
Đà Nẵng,2026-01-01,1.9,0.6,1.3,12
Đà Nẵng,2026-01-02,2.0,0.5,1.5,1
Đà Nẵng,2026-01-03,2.0,0.5,1.5,1
Đà Nẵng,2026-01-04,2.0,0.5,1.5,1
Đà Nẵng,2026-01-05,2.0,0.5,1.5,1
Đà Nẵng,2026-01-06,2.0,0.5,1.5,1
Đà Nẵng,2026-01-07,1.8,0.6,1.2,15
Đà Nẵng,2026-01-08,1.7,0.6,1.1,18
Đà Nẵng,2026-01-09,1.7,0.7,1.0,20
Đà Nẵng,2026-01-10,1.6,0.7,0.9,25
Đà Nẵng,2026-01-11,1.6,0.7,0.9,25
Đà Nẵng,2026-01-12,1.6,0.7,0.9,25
Đà Nẵng,2026-01-13,1.7,0.7,1.0,20
Đà Nẵng,2026-01-14,1.7,0.6,1.1,18
Đà Nẵng,2026-01-15,1.9,0.6,1.3,12
Đà Nẵng,2026-01-16,1.9,0.6,1.3,12
Đà Nẵng,2026-01-17,2.0,0.5,1.5,1
Đà Nẵng,2026-01-18,2.0,0.5,1.5,1
Đà Nẵng,2026-01-19,2.0,0.5,1.5,1
Đà Nẵng,2026-01-20,2.0,0.6,1.4,9
Đà Nẵng,2026-01-21,1.9,0.5,1.4,9
Đà Nẵng,2026-01-22,1.8,0.6,1.2,15
Đà Nẵng,2026-01-23,1.7,0.7,1.0,20
Đà Nẵng,2026-01-24,1.6,0.7,0.9,25
Đà Nẵng,2026-01-25,1.6,0.7,0.9,25
Đà Nẵng,2026-01-26,1.5,0.7,0.8,31
Đà Nẵng,2026-01-27,1.6,0.7,0.9,25
Đà Nẵng,2026-01-28,1.7,0.7,1.0,20
Đà Nẵng,2026-01-29,1.7,0.7,1.0,20
Đà Nẵng,2026-01-30,1.8,0.6,1.2,15
Đà Nẵng,2026-01-31,2.0,0.6,1.4,9
Đà Nẵng,2026-02-01,2.0,0.5,1.5,1
Đà Nẵng,2026-02-02,2.0,0.5,1.5,1
Đà Nẵng,2026-02-03,2.0,0.5,1.5,1
Đà Nẵng,2026-02-04,2.0,0.6,1.4,9
Đà Nẵng,2026-02-05,1.9,0.6,1.3,11
Đà Nẵng,2026-02-06,1.8,0.6,1.2,13
Đà Nẵng,2026-02-07,1.7,0.6,1.1,17
Đà Nẵng,2026-02-08,1.6,0.7,0.9,22
Đà Nẵng,2026-02-09,1.6,0.7,0.9,22
Đà Nẵng,2026-02-10,1.6,0.7,0.9,22
Đà Nẵng,2026-02-11,1.6,0.7,0.9,22
Đà Nẵng,2026-02-12,1.7,0.6,1.1,17
Đà Nẵng,2026-02-13,1.8,0.6,1.2,13
Đà Nẵng,2026-02-14,1.9,0.5,1.4,9
Đà Nẵng,2026-02-15,2.0,0.5,1.5,1
Đà Nẵng,2026-02-16,2.0,0.5,1.5,1
Đà Nẵng,2026-02-17,2.0,0.5,1.5,1
Đà Nẵng,2026-02-18,2.0,0.5,1.5,1
Đà Nẵng,2026-02-19,2.0,0.5,1.5,1
Đà Nẵng,2026-02-20,1.9,0.6,1.3,11
Đà Nẵng,2026-02-21,1.8,0.6,1.2,13
Đà Nẵng,2026-02-22,1.7,0.7,1.0,19
Đà Nẵng,2026-02-23,1.7,0.7,1.0,19
Đà Nẵng,2026-02-24,1.6,0.7,0.9,22
Đà Nẵng,2026-02-25,1.6,0.7,0.9,22
Đà Nẵng,2026-02-26,1.6,0.7,0.9,22
Đà Nẵng,2026-02-27,1.7,0.7,1.0,19
Đà Nẵng,2026-02-28,1.8,0.6,1.2,13
Đà Nẵng,2026-03-01,1.9,0.6,1.3,12
Đà Nẵng,2026-03-02,2.0,0.5,1.5,1
Đà Nẵng,2026-03-03,2.0,0.5,1.5,1
Đà Nẵng,2026-03-04,2.0,0.5,1.5,1
Đà Nẵng,2026-03-05,2.0,0.5,1.5,1
Đà Nẵng,2026-03-06,1.9,0.5,1.4,8
Đà Nẵng,2026-03-07,1.8,0.6,1.2,14
Đà Nẵng,2026-03-08,1.7,0.6,1.1,19
Đà Nẵng,2026-03-09,1.7,0.6,1.1,19
Đà Nẵng,2026-03-10,1.6,0.7,0.9,25
Đà Nẵng,2026-03-11,1.6,0.7,0.9,25
Đà Nẵng,2026-03-12,1.6,0.7,0.9,25
Đà Nẵng,2026-03-13,1.6,0.6,1.0,23
Đà Nẵng,2026-03-14,1.7,0.6,1.1,19
Đà Nẵng,2026-03-15,1.8,0.6,1.2,14
Đà Nẵng,2026-03-16,1.9,0.6,1.3,12
Đà Nẵng,2026-03-17,2.0,0.5,1.5,1
Đà Nẵng,2026-03-18,2.0,0.5,1.5,1
Đà Nẵng,2026-03-19,2.0,0.5,1.5,1
Đà Nẵng,2026-03-20,2.0,0.6,1.4,8
Đà Nẵng,2026-03-21,1.9,0.5,1.4,8
Đà Nẵng,2026-03-22,1.8,0.6,1.2,14
Đà Nẵng,2026-03-23,1.7,0.6,1.1,19
Đà Nẵng,2026-03-24,1.6,0.7,0.9,25
Đà Nẵng,2026-03-25,1.6,0.7,0.9,25
Đà Nẵng,2026-03-26,1.6,0.7,0.9,25
Đà Nẵng,2026-03-27,1.6,0.7,0.9,25
Đà Nẵng,2026-03-28,1.7,0.7,1.0,23
Đà Nẵng,2026-03-29,1.8,0.6,1.2,14
Đà Nẵng,2026-03-30,1.8,0.6,1.2,14
Đà Nẵng,2026-03-31,1.9,0.5,1.4,8
Đà Nẵng,2026-04-01,2.0,0.5,1.5,2
Đà Nẵng,2026-04-02,2.0,0.5,1.5,2
Đà Nẵng,2026-04-03,2.0,0.5,1.5,2
Đà Nẵng,2026-04-04,2.0,0.5,1.5,2
Đà Nẵng,2026-04-05,1.9,0.6,1.3,11
Đà Nẵng,2026-04-06,1.8,0.6,1.2,14
Đà Nẵng,2026-04-07,1.7,0.6,1.1,19
Đà Nẵng,2026-04-08,1.6,0.7,0.9,23
Đà Nẵng,2026-04-09,1.6,0.7,0.9,23
Đà Nẵng,2026-04-10,1.6,0.7,0.9,23
Đà Nẵng,2026-04-11,1.6,0.7,0.9,23
Đà Nẵng,2026-04-12,1.7,0.7,1.0,20
Đà Nẵng,2026-04-13,1.8,0.6,1.2,14
Đà Nẵng,2026-04-14,1.8,0.6,1.2,14
Đà Nẵng,2026-04-15,2.0,0.5,1.5,2
Đà Nẵng,2026-04-16,2.0,0.5,1.5,2
Đà Nẵng,2026-04-17,2.1,0.5,1.6,1
Đà Nẵng,2026-04-18,2.0,0.5,1.5,2
Đà Nẵng,2026-04-19,1.9,0.5,1.4,9
Đà Nẵng,2026-04-20,1.9,0.6,1.3,11
Đà Nẵng,2026-04-21,1.8,0.6,1.2,14
Đà Nẵng,2026-04-22,1.7,0.7,1.0,20
Đà Nẵng,2026-04-23,1.6,0.7,0.9,23
Đà Nẵng,2026-04-24,1.6,0.7,0.9,23
Đà Nẵng,2026-04-25,1.6,0.7,0.9,23
Đà Nẵng,2026-04-26,1.6,0.7,0.9,23
Đà Nẵng,2026-04-27,1.7,0.7,1.0,20
Đà Nẵng,2026-04-28,1.8,0.6,1.2,14
Đà Nẵng,2026-04-29,1.9,0.6,1.3,11
Đà Nẵng,2026-04-30,1.9,0.5,1.4,9
Đà Nẵng,2026-05-01,2.0,0.5,1.5,2
Đà Nẵng,2026-05-02,2.0,0.5,1.5,2
Đà Nẵng,2026-05-03,2.0,0.5,1.5,2
Đà Nẵng,2026-05-04,1.9,0.5,1.4,10
Đà Nẵng,2026-05-05,1.8,0.6,1.2,14
Đà Nẵng,2026-05-06,1.7,0.6,1.1,18
Đà Nẵng,2026-05-07,1.7,0.6,1.1,18
Đà Nẵng,2026-05-08,1.6,0.7,0.9,25
Đà Nẵng,2026-05-09,1.6,0.7,0.9,25
Đà Nẵng,2026-05-10,1.6,0.7,0.9,25
Đà Nẵng,2026-05-11,1.7,0.7,1.0,21
Đà Nẵng,2026-05-12,1.7,0.7,1.0,21
Đà Nẵng,2026-05-13,1.8,0.6,1.2,14
Đà Nẵng,2026-05-14,1.9,0.6,1.3,12
Đà Nẵng,2026-05-15,2.0,0.5,1.5,2
Đà Nẵng,2026-05-16,2.0,0.5,1.5,2
Đà Nẵng,2026-05-17,2.0,0.5,1.5,2
Đà Nẵng,2026-05-18,2.0,0.5,1.5,2
Đà Nẵng,2026-05-19,1.9,0.6,1.3,12
Đà Nẵng,2026-05-20,1.8,0.6,1.2,14
Đà Nẵng,2026-05-21,1.7,0.7,1.0,21
Đà Nẵng,2026-05-22,1.6,0.7,0.9,25
Đà Nẵng,2026-05-23,1.6,0.7,0.9,25
Đà Nẵng,2026-05-24,1.6,0.7,0.9,25
Đà Nẵng,2026-05-25,1.6,0.7,0.9,25
Đà Nẵng,2026-05-26,1.7,0.7,1.0,21
Đà Nẵng,2026-05-27,1.7,0.6,1.1,18
Đà Nẵng,2026-05-28,1.8,0.6,1.2,14
Đà Nẵng,2026-05-29,2.0,0.6,1.4,10
Đà Nẵng,2026-05-30,2.0,0.5,1.5,2
Đà Nẵng,2026-05-31,2.1,0.5,1.6,1
Đà Nẵng,2026-06-01,2.0,0.5,1.5,1
Đà Nẵng,2026-06-02,2.0,0.5,1.5,1
Đà Nẵng,2026-06-03,1.9,0.5,1.4,10
Đà Nẵng,2026-06-04,1.8,0.6,1.2,14
Đà Nẵng,2026-06-05,1.7,0.7,1.0,20
Đà Nẵng,2026-06-06,1.6,0.7,0.9,23
Đà Nẵng,2026-06-07,1.6,0.7,0.9,23
Đà Nẵng,2026-06-08,1.6,0.7,0.9,23
Đà Nẵng,2026-06-09,1.6,0.7,0.9,23
Đà Nẵng,2026-06-10,1.7,0.7,1.0,20
Đà Nẵng,2026-06-11,1.8,0.6,1.2,14
Đà Nẵng,2026-06-12,1.8,0.6,1.2,14
Đà Nẵng,2026-06-13,2.0,0.5,1.5,1
Đà Nẵng,2026-06-14,2.0,0.5,1.5,1
Đà Nẵng,2026-06-15,2.0,0.5,1.5,1
Đà Nẵng,2026-06-16,2.0,0.5,1.5,1
Đà Nẵng,2026-06-17,2.0,0.5,1.5,1
Đà Nẵng,2026-06-18,1.9,0.6,1.3,12
Đà Nẵng,2026-06-19,1.8,0.6,1.2,14
Đà Nẵng,2026-06-20,1.7,0.6,1.1,19
Đà Nẵng,2026-06-21,1.6,0.7,0.9,23
Đà Nẵng,2026-06-22,1.6,0.7,0.9,23
Đà Nẵng,2026-06-23,1.6,0.7,0.9,23
Đà Nẵng,2026-06-24,1.6,0.7,0.9,23
Đà Nẵng,2026-06-25,1.7,0.7,1.0,20
Đà Nẵng,2026-06-26,1.8,0.6,1.2,14
Đà Nẵng,2026-06-27,1.9,0.6,1.3,12
Đà Nẵng,2026-06-28,2.0,0.6,1.4,10
Đà Nẵng,2026-06-29,2.0,0.5,1.5,1
Đà Nẵng,2026-06-30,2.0,0.5,1.5,1
Đà Nẵng,2026-07-01,2.0,0.5,1.5,2
Đà Nẵng,2026-07-02,1.9,0.5,1.4,9
Đà Nẵng,2026-07-03,1.8,0.6,1.2,14
Đà Nẵng,2026-07-04,1.8,0.6,1.2,14
Đà Nẵng,2026-07-05,1.6,0.6,1.0,22
Đà Nẵng,2026-07-06,1.6,0.7,0.9,24
Đà Nẵng,2026-07-07,1.6,0.7,0.9,24
Đà Nẵng,2026-07-08,1.6,0.7,0.9,24
Đà Nẵng,2026-07-09,1.6,0.7,0.9,24
Đà Nẵng,2026-07-10,1.7,0.6,1.1,19
Đà Nẵng,2026-07-11,1.8,0.6,1.2,14
Đà Nẵng,2026-07-12,1.9,0.6,1.3,12
Đà Nẵng,2026-07-13,2.0,0.5,1.5,2
Đà Nẵng,2026-07-14,2.0,0.5,1.5,2
Đà Nẵng,2026-07-15,2.0,0.5,1.5,2
Đà Nẵng,2026-07-16,1.9,0.5,1.4,9
Đà Nẵng,2026-07-17,1.9,0.5,1.4,9
Đà Nẵng,2026-07-18,1.8,0.6,1.2,14
Đà Nẵng,2026-07-19,1.7,0.6,1.1,19
Đà Nẵng,2026-07-20,1.6,0.7,0.9,24
Đà Nẵng,2026-07-21,1.6,0.7,0.9,24
Đà Nẵng,2026-07-22,1.6,0.7,0.9,24
Đà Nẵng,2026-07-23,1.6,0.7,0.9,24
Đà Nẵng,2026-07-24,1.7,0.7,1.0,22
Đà Nẵng,2026-07-25,1.7,0.6,1.1,19
Đà Nẵng,2026-07-26,1.8,0.6,1.2,14
Đà Nẵng,2026-07-27,1.9,0.6,1.3,12
Đà Nẵng,2026-07-28,2.0,0.5,1.5,2
Đà Nẵng,2026-07-29,2.1,0.5,1.6,1
Đà Nẵng,2026-07-30,2.0,0.5,1.5,2
Đà Nẵng,2026-07-31,2.0,0.5,1.5,2
Đà Nẵng,2026-08-01,1.9,0.6,1.3,14
Đà Nẵng,2026-08-02,1.8,0.6,1.2,16
Đà Nẵng,2026-08-03,1.7,0.6,1.1,20
Đà Nẵng,2026-08-04,1.6,0.7,0.9,24
Đà Nẵng,2026-08-05,1.6,0.7,0.9,24
Đà Nẵng,2026-08-06,1.6,0.7,0.9,24
Đà Nẵng,2026-08-07,1.6,0.7,0.9,24
Đà Nẵng,2026-08-08,1.6,0.7,0.9,24
Đà Nẵng,2026-08-09,1.8,0.6,1.2,16
Đà Nẵng,2026-08-10,1.9,0.5,1.4,9
Đà Nẵng,2026-08-11,2.0,0.5,1.5,1
Đà Nẵng,2026-08-12,2.0,0.5,1.5,1
Đà Nẵng,2026-08-13,2.0,0.5,1.5,1
Đà Nẵng,2026-08-14,2.0,0.5,1.5,1
Đà Nẵng,2026-08-15,1.9,0.5,1.4,9
Đà Nẵng,2026-08-16,1.9,0.5,1.4,9
Đà Nẵng,2026-08-17,1.8,0.6,1.2,16
Đà Nẵng,2026-08-18,1.7,0.6,1.1,20
Đà Nẵng,2026-08-19,1.6,0.7,0.9,24
Đà Nẵng,2026-08-20,1.6,0.7,0.9,24
Đà Nẵng,2026-08-21,1.6,0.7,0.9,24
Đà Nẵng,2026-08-22,1.6,0.6,1.0,23
Đà Nẵng,2026-08-23,1.7,0.6,1.1,20
Đà Nẵng,2026-08-24,1.8,0.6,1.2,16
Đà Nẵng,2026-08-25,1.9,0.5,1.4,9
Đà Nẵng,2026-08-26,2.0,0.5,1.5,1
Đà Nẵng,2026-08-27,2.0,0.5,1.5,1
Đà Nẵng,2026-08-28,2.0,0.5,1.5,1
Đà Nẵng,2026-08-29,2.0,0.5,1.5,1
Đà Nẵng,2026-08-30,1.9,0.5,1.4,9
Đà Nẵng,2026-08-31,1.9,0.6,1.3,14
Đà Nẵng,2026-09-01,1.8,0.6,1.2,13
Đà Nẵng,2026-09-02,1.7,0.6,1.1,17
Đà Nẵng,2026-09-03,1.7,0.7,1.0,21
Đà Nẵng,2026-09-04,1.6,0.7,0.9,23
Đà Nẵng,2026-09-05,1.6,0.7,0.9,23
Đà Nẵng,2026-09-06,1.6,0.7,0.9,23
Đà Nẵng,2026-09-07,1.7,0.6,1.1,17
Đà Nẵng,2026-09-08,1.8,0.6,1.2,13
Đà Nẵng,2026-09-09,1.9,0.5,1.4,9
Đà Nẵng,2026-09-10,2.0,0.5,1.5,2
Đà Nẵng,2026-09-11,2.0,0.5,1.5,2
Đà Nẵng,2026-09-12,2.0,0.5,1.5,2
Đà Nẵng,2026-09-13,2.0,0.5,1.5,2
Đà Nẵng,2026-09-14,1.9,0.5,1.4,9
Đà Nẵng,2026-09-15,1.8,0.6,1.2,13
Đà Nẵng,2026-09-16,1.7,0.7,1.0,21
Đà Nẵng,2026-09-17,1.6,0.7,0.9,23
Đà Nẵng,2026-09-18,1.6,0.7,0.9,23
Đà Nẵng,2026-09-19,1.6,0.7,0.9,23
Đà Nẵng,2026-09-20,1.6,0.7,0.9,23
Đà Nẵng,2026-09-21,1.6,0.7,0.9,23
Đà Nẵng,2026-09-22,1.7,0.6,1.1,17
Đà Nẵng,2026-09-23,1.8,0.6,1.2,13
Đà Nẵng,2026-09-24,1.9,0.6,1.3,11
Đà Nẵng,2026-09-25,2.0,0.5,1.5,2
Đà Nẵng,2026-09-26,2.1,0.5,1.6,1
Đà Nẵng,2026-09-27,2.0,0.5,1.5,2
Đà Nẵng,2026-09-28,2.0,0.5,1.5,2
Đà Nẵng,2026-09-29,1.9,0.6,1.3,11
Đà Nẵng,2026-09-30,1.8,0.7,1.1,17
Đà Nẵng,2026-10-01,1.7,0.6,1.1,18
Đà Nẵng,2026-10-02,1.6,0.7,0.9,24
Đà Nẵng,2026-10-03,1.6,0.7,0.9,24
Đà Nẵng,2026-10-04,1.6,0.7,0.9,24
Đà Nẵng,2026-10-05,1.6,0.7,0.9,24
Đà Nẵng,2026-10-06,1.7,0.6,1.1,18
Đà Nẵng,2026-10-07,1.8,0.6,1.2,14
Đà Nẵng,2026-10-08,1.8,0.6,1.2,14
Đà Nẵng,2026-10-09,1.9,0.5,1.4,9
Đà Nẵng,2026-10-10,2.0,0.5,1.5,1
Đà Nẵng,2026-10-11,2.0,0.5,1.5,1
Đà Nẵng,2026-10-12,2.0,0.5,1.5,1
Đà Nẵng,2026-10-13,2.0,0.5,1.5,1
Đà Nẵng,2026-10-14,1.9,0.6,1.3,11
Đà Nẵng,2026-10-15,1.8,0.6,1.2,14
Đà Nẵng,2026-10-16,1.7,0.7,1.0,21
Đà Nẵng,2026-10-17,1.6,0.7,0.9,24
Đà Nẵng,2026-10-18,1.6,0.7,0.9,24
Đà Nẵng,2026-10-19,1.6,0.7,0.9,24
Đà Nẵng,2026-10-20,1.6,0.7,0.9,24
Đà Nẵng,2026-10-21,1.7,0.7,1.0,21
Đà Nẵng,2026-10-22,1.8,0.6,1.2,14
Đà Nẵng,2026-10-23,1.9,0.6,1.3,11
Đà Nẵng,2026-10-24,2.0,0.5,1.5,1
Đà Nẵng,2026-10-25,2.0,0.5,1.5,1
Đà Nẵng,2026-10-26,2.0,0.5,1.5,1
Đà Nẵng,2026-10-27,2.0,0.5,1.5,1
Đà Nẵng,2026-10-28,1.9,0.5,1.4,9
Đà Nẵng,2026-10-29,1.9,0.6,1.3,11
Đà Nẵng,2026-10-30,1.7,0.6,1.1,18
Đà Nẵng,2026-10-31,1.7,0.7,1.0,21
Đà Nẵng,2026-11-01,1.6,0.7,0.9,25
Đà Nẵng,2026-11-02,1.5,0.7,0.8,29
Đà Nẵng,2026-11-03,1.6,0.7,0.9,25
Đà Nẵng,2026-11-04,1.7,0.7,1.0,20
Đà Nẵng,2026-11-05,1.7,0.7,1.0,20
Đà Nẵng,2026-11-06,1.8,0.6,1.2,13
Đà Nẵng,2026-11-07,1.9,0.5,1.4,9
Đà Nẵng,2026-11-08,2.0,0.5,1.5,1
Đà Nẵng,2026-11-09,2.0,0.5,1.5,1
Đà Nẵng,2026-11-10,2.0,0.5,1.5,1
Đà Nẵng,2026-11-11,2.0,0.5,1.5,1
Đà Nẵng,2026-11-12,2.0,0.6,1.4,9
Đà Nẵng,2026-11-13,1.8,0.6,1.2,13
Đà Nẵng,2026-11-14,1.7,0.6,1.1,18
Đà Nẵng,2026-11-15,1.7,0.7,1.0,20
Đà Nẵng,2026-11-16,1.6,0.7,0.9,25
Đà Nẵng,2026-11-17,1.5,0.7,0.8,29
Đà Nẵng,2026-11-18,1.6,0.7,0.9,25
Đà Nẵng,2026-11-19,1.7,0.7,1.0,20
Đà Nẵng,2026-11-20,1.8,0.6,1.2,13
Đà Nẵng,2026-11-21,1.8,0.6,1.2,13
Đà Nẵng,2026-11-22,1.9,0.5,1.4,9
Đà Nẵng,2026-11-23,2.0,0.5,1.5,1
Đà Nẵng,2026-11-24,2.0,0.5,1.5,1
Đà Nẵng,2026-11-25,2.0,0.5,1.5,1
Đà Nẵng,2026-11-26,2.0,0.5,1.5,1
Đà Nẵng,2026-11-27,1.9,0.6,1.3,12
Đà Nẵng,2026-11-28,1.8,0.6,1.2,13
Đà Nẵng,2026-11-29,1.7,0.6,1.1,18
Đà Nẵng,2026-11-30,1.7,0.7,1.0,20
Đà Nẵng,2026-12-01,1.6,0.7,0.9,24
Đà Nẵng,2026-12-02,1.6,0.7,0.9,24
Đà Nẵng,2026-12-03,1.6,0.7,0.9,24
Đà Nẵng,2026-12-04,1.7,0.7,1.0,19
Đà Nẵng,2026-12-05,1.7,0.6,1.1,18
Đà Nẵng,2026-12-06,1.8,0.6,1.2,13
Đà Nẵng,2026-12-07,1.9,0.5,1.4,7
Đà Nẵng,2026-12-08,2.0,0.5,1.5,1
Đà Nẵng,2026-12-09,2.0,0.5,1.5,1
Đà Nẵng,2026-12-10,2.0,0.5,1.5,1
Đà Nẵng,2026-12-11,1.9,0.5,1.4,7
Đà Nẵng,2026-12-12,1.9,0.6,1.3,12
Đà Nẵng,2026-12-13,1.8,0.6,1.2,13
Đà Nẵng,2026-12-14,1.7,0.7,1.0,19
Đà Nẵng,2026-12-15,1.6,0.7,0.9,24
Đà Nẵng,2026-12-16,1.6,0.7,0.9,24
Đà Nẵng,2026-12-17,1.6,0.7,0.9,24
Đà Nẵng,2026-12-18,1.6,0.7,0.9,24
Đà Nẵng,2026-12-19,1.7,0.7,1.0,19
Đà Nẵng,2026-12-20,1.8,0.6,1.2,13
Đà Nẵng,2026-12-21,1.9,0.5,1.4,7
Đà Nẵng,2026-12-22,1.9,0.5,1.4,7
Đà Nẵng,2026-12-23,2.0,0.5,1.5,1
Đà Nẵng,2026-12-24,2.0,0.5,1.5,1
Đà Nẵng,2026-12-25,2.0,0.5,1.5,1
Đà Nẵng,2026-12-26,1.9,0.5,1.4,7
Đà Nẵng,2026-12-27,1.8,0.6,1.2,13
Đà Nẵng,2026-12-28,1.8,0.6,1.2,13
Đà Nẵng,2026-12-29,1.7,0.7,1.0,19
Đà Nẵng,2026-12-30,1.6,0.7,0.9,24
Đà Nẵng,2026-12-31,1.6,0.6,1.0,19
Quy Nhơn,2026-01-01,2.1,0.7,1.4,14
Quy Nhơn,2026-01-02,2.2,0.6,1.6,1
Quy Nhơn,2026-01-03,2.2,0.6,1.6,1
Quy Nhơn,2026-01-04,2.2,0.6,1.6,1
Quy Nhơn,2026-01-05,2.2,0.6,1.6,1
Quy Nhơn,2026-01-06,2.2,0.7,1.5,9
Quy Nhơn,2026-01-07,2.0,0.7,1.3,15
Quy Nhơn,2026-01-08,1.9,0.7,1.2,18
Quy Nhơn,2026-01-09,1.8,0.8,1.0,23
Quy Nhơn,2026-01-10,1.8,0.8,1.0,23
Quy Nhơn,2026-01-11,1.7,0.8,0.9,30
Quy Nhơn,2026-01-12,1.8,0.8,1.0,23
Quy Nhơn,2026-01-13,1.8,0.8,1.0,23
Quy Nhơn,2026-01-14,1.9,0.7,1.2,18
Quy Nhơn,2026-01-15,2.0,0.7,1.3,15
Quy Nhơn,2026-01-16,2.1,0.6,1.5,9
Quy Nhơn,2026-01-17,2.2,0.6,1.6,1
Quy Nhơn,2026-01-18,2.2,0.6,1.6,1
Quy Nhơn,2026-01-19,2.2,0.6,1.6,1
Quy Nhơn,2026-01-20,2.2,0.6,1.6,1
Quy Nhơn,2026-01-21,2.1,0.6,1.5,9
Quy Nhơn,2026-01-22,2.0,0.7,1.3,15
Quy Nhơn,2026-01-23,1.9,0.7,1.2,18
Quy Nhơn,2026-01-24,1.8,0.8,1.0,23
Quy Nhơn,2026-01-25,1.8,0.8,1.0,23
Quy Nhơn,2026-01-26,1.7,0.8,0.9,30
Quy Nhơn,2026-01-27,1.8,0.8,1.0,23
Quy Nhơn,2026-01-28,1.9,0.8,1.1,22
Quy Nhơn,2026-01-29,1.9,0.7,1.2,18
Quy Nhơn,2026-01-30,2.1,0.6,1.5,9
Quy Nhơn,2026-01-31,2.1,0.6,1.5,9
Quy Nhơn,2026-02-01,2.2,0.6,1.6,3
Quy Nhơn,2026-02-02,2.2,0.6,1.6,3
Quy Nhơn,2026-02-03,2.3,0.6,1.7,1
Quy Nhơn,2026-02-04,2.2,0.6,1.6,3
Quy Nhơn,2026-02-05,2.1,0.7,1.4,10
Quy Nhơn,2026-02-06,2.0,0.7,1.3,12
Quy Nhơn,2026-02-07,1.9,0.8,1.1,19
Quy Nhơn,2026-02-08,1.8,0.8,1.0,21
Quy Nhơn,2026-02-09,1.7,0.8,0.9,26
Quy Nhơn,2026-02-10,1.7,0.8,0.9,26
Quy Nhơn,2026-02-11,1.8,0.8,1.0,21
Quy Nhơn,2026-02-12,1.9,0.7,1.2,17
Quy Nhơn,2026-02-13,2.0,0.7,1.3,12
Quy Nhơn,2026-02-14,2.1,0.7,1.4,10
Quy Nhơn,2026-02-15,2.2,0.6,1.6,3
Quy Nhơn,2026-02-16,2.2,0.6,1.6,3
Quy Nhơn,2026-02-17,2.3,0.6,1.7,1
Quy Nhơn,2026-02-18,2.2,0.6,1.6,3
Quy Nhơn,2026-02-19,2.1,0.6,1.5,9
Quy Nhơn,2026-02-20,2.0,0.7,1.3,12
Quy Nhơn,2026-02-21,2.0,0.7,1.3,12
Quy Nhơn,2026-02-22,1.9,0.8,1.1,19
Quy Nhơn,2026-02-23,1.8,0.8,1.0,21
Quy Nhơn,2026-02-24,1.8,0.8,1.0,21
Quy Nhơn,2026-02-25,1.7,0.8,0.9,26
Quy Nhơn,2026-02-26,1.8,0.8,1.0,21
Quy Nhơn,2026-02-27,1.9,0.7,1.2,17
Quy Nhơn,2026-02-28,2.0,0.7,1.3,12
Quy Nhơn,2026-03-01,2.1,0.7,1.4,12
Quy Nhơn,2026-03-02,2.2,0.6,1.6,3
Quy Nhơn,2026-03-03,2.2,0.6,1.6,3
Quy Nhơn,2026-03-04,2.3,0.6,1.7,1
Quy Nhơn,2026-03-05,2.2,0.6,1.6,3
Quy Nhơn,2026-03-06,2.1,0.6,1.5,9
Quy Nhơn,2026-03-07,2.0,0.7,1.3,14
Quy Nhơn,2026-03-08,1.9,0.7,1.2,19
Quy Nhơn,2026-03-09,1.8,0.8,1.0,22
Quy Nhơn,2026-03-10,1.8,0.8,1.0,22
Quy Nhơn,2026-03-11,1.8,0.8,1.0,22
Quy Nhơn,2026-03-12,1.8,0.8,1.0,22
Quy Nhơn,2026-03-13,1.8,0.8,1.0,22
Quy Nhơn,2026-03-14,1.9,0.7,1.2,19
Quy Nhơn,2026-03-15,2.0,0.7,1.3,14
Quy Nhơn,2026-03-16,2.1,0.7,1.4,12
Quy Nhơn,2026-03-17,2.2,0.6,1.6,3
Quy Nhơn,2026-03-18,2.3,0.6,1.7,1
Quy Nhơn,2026-03-19,2.2,0.6,1.6,3
Quy Nhơn,2026-03-20,2.2,0.6,1.6,3
Quy Nhơn,2026-03-21,2.1,0.6,1.5,9
Quy Nhơn,2026-03-22,2.0,0.7,1.3,14
Quy Nhơn,2026-03-23,1.9,0.8,1.1,21
Quy Nhơn,2026-03-24,1.8,0.8,1.0,22
Quy Nhơn,2026-03-25,1.8,0.8,1.0,22
Quy Nhơn,2026-03-26,1.7,0.8,0.9,30
Quy Nhơn,2026-03-27,1.7,0.8,0.9,30
Quy Nhơn,2026-03-28,1.8,0.8,1.0,22
Quy Nhơn,2026-03-29,2.0,0.7,1.3,14
Quy Nhơn,2026-03-30,2.0,0.7,1.3,14
Quy Nhơn,2026-03-31,2.1,0.6,1.5,9
Quy Nhơn,2026-04-01,2.2,0.6,1.6,2
Quy Nhơn,2026-04-02,2.2,0.6,1.6,2
Quy Nhơn,2026-04-03,2.2,0.6,1.6,2
Quy Nhơn,2026-04-04,2.2,0.6,1.6,2
Quy Nhơn,2026-04-05,2.1,0.7,1.4,12
Quy Nhơn,2026-04-06,2.0,0.7,1.3,15
Quy Nhơn,2026-04-07,1.9,0.7,1.2,19
Quy Nhơn,2026-04-08,1.8,0.7,1.1,21
Quy Nhơn,2026-04-09,1.8,0.8,1.0,24
Quy Nhơn,2026-04-10,1.8,0.8,1.0,24
Quy Nhơn,2026-04-11,1.8,0.8,1.0,24
Quy Nhơn,2026-04-12,1.9,0.8,1.1,21
Quy Nhơn,2026-04-13,2.0,0.7,1.3,15
Quy Nhơn,2026-04-14,2.1,0.7,1.4,12
Quy Nhơn,2026-04-15,2.2,0.7,1.5,9
Quy Nhơn,2026-04-16,2.2,0.6,1.6,2
Quy Nhơn,2026-04-17,2.2,0.5,1.7,1
Quy Nhơn,2026-04-18,2.2,0.6,1.6,2
Quy Nhơn,2026-04-19,2.1,0.6,1.5,9
Quy Nhơn,2026-04-20,2.1,0.6,1.5,9
Quy Nhơn,2026-04-21,2.0,0.7,1.3,15
Quy Nhơn,2026-04-22,1.9,0.8,1.1,21
Quy Nhơn,2026-04-23,1.8,0.8,1.0,24
Quy Nhơn,2026-04-24,1.8,0.8,1.0,24
Quy Nhơn,2026-04-25,1.8,0.8,1.0,24
Quy Nhơn,2026-04-26,1.8,0.8,1.0,24
Quy Nhơn,2026-04-27,1.9,0.7,1.2,19
Quy Nhơn,2026-04-28,2.0,0.7,1.3,15
Quy Nhơn,2026-04-29,2.1,0.7,1.4,12
Quy Nhơn,2026-04-30,2.2,0.6,1.6,2
Quy Nhơn,2026-05-01,2.2,0.6,1.6,2
Quy Nhơn,2026-05-02,2.2,0.6,1.6,2
Quy Nhơn,2026-05-03,2.2,0.5,1.7,1
Quy Nhơn,2026-05-04,2.2,0.7,1.5,10
Quy Nhơn,2026-05-05,2.0,0.7,1.3,14
Quy Nhơn,2026-05-06,2.0,0.7,1.3,14
Quy Nhơn,2026-05-07,1.9,0.8,1.1,21
Quy Nhơn,2026-05-08,1.8,0.8,1.0,24
Quy Nhơn,2026-05-09,1.8,0.8,1.0,24
Quy Nhơn,2026-05-10,1.8,0.8,1.0,24
Quy Nhơn,2026-05-11,1.9,0.8,1.1,21
Quy Nhơn,2026-05-12,1.9,0.7,1.2,19
Quy Nhơn,2026-05-13,2.0,0.7,1.3,14
Quy Nhơn,2026-05-14,2.1,0.6,1.5,10
Quy Nhơn,2026-05-15,2.2,0.6,1.6,2
Quy Nhơn,2026-05-16,2.2,0.6,1.6,2
Quy Nhơn,2026-05-17,2.2,0.6,1.6,2
Quy Nhơn,2026-05-18,2.2,0.6,1.6,2
Quy Nhơn,2026-05-19,2.1,0.6,1.5,10
Quy Nhơn,2026-05-20,2.0,0.7,1.3,14
Quy Nhơn,2026-05-21,1.9,0.8,1.1,21
Quy Nhơn,2026-05-22,1.8,0.8,1.0,24
Quy Nhơn,2026-05-23,1.8,0.8,1.0,24
Quy Nhơn,2026-05-24,1.7,0.8,0.9,31
Quy Nhơn,2026-05-25,1.8,0.8,1.0,24
Quy Nhơn,2026-05-26,1.8,0.8,1.0,24
Quy Nhơn,2026-05-27,1.9,0.7,1.2,19
Quy Nhơn,2026-05-28,2.0,0.7,1.3,14
Quy Nhơn,2026-05-29,2.1,0.6,1.5,10
Quy Nhơn,2026-05-30,2.2,0.6,1.6,2
Quy Nhơn,2026-05-31,2.2,0.6,1.6,2
Quy Nhơn,2026-06-01,2.2,0.6,1.6,2
Quy Nhơn,2026-06-02,2.2,0.6,1.6,2
Quy Nhơn,2026-06-03,2.1,0.7,1.4,12
Quy Nhơn,2026-06-04,2.0,0.7,1.3,15
Quy Nhơn,2026-06-05,1.9,0.8,1.1,20
Quy Nhơn,2026-06-06,1.8,0.8,1.0,23
Quy Nhơn,2026-06-07,1.8,0.8,1.0,23
Quy Nhơn,2026-06-08,1.8,0.8,1.0,23
Quy Nhơn,2026-06-09,1.8,0.8,1.0,23
Quy Nhơn,2026-06-10,1.9,0.8,1.1,20
Quy Nhơn,2026-06-11,2.0,0.7,1.3,15
Quy Nhơn,2026-06-12,2.1,0.7,1.4,12
Quy Nhơn,2026-06-13,2.1,0.6,1.5,10
Quy Nhơn,2026-06-14,2.2,0.6,1.6,2
Quy Nhơn,2026-06-15,2.2,0.6,1.6,2
Quy Nhơn,2026-06-16,2.2,0.6,1.6,2
Quy Nhơn,2026-06-17,2.2,0.6,1.6,2
Quy Nhơn,2026-06-18,2.1,0.7,1.4,12
Quy Nhơn,2026-06-19,2.0,0.7,1.3,15
Quy Nhơn,2026-06-20,1.9,0.7,1.2,19
Quy Nhơn,2026-06-21,1.8,0.8,1.0,23
Quy Nhơn,2026-06-22,1.8,0.8,1.0,23
Quy Nhơn,2026-06-23,1.8,0.8,1.0,23
Quy Nhơn,2026-06-24,1.8,0.8,1.0,23
Quy Nhơn,2026-06-25,1.9,0.8,1.1,20
Quy Nhơn,2026-06-26,2.0,0.7,1.3,15
Quy Nhơn,2026-06-27,2.1,0.6,1.5,10
Quy Nhơn,2026-06-28,2.2,0.6,1.6,2
Quy Nhơn,2026-06-29,2.2,0.6,1.6,2
Quy Nhơn,2026-06-30,2.3,0.6,1.7,1
Quy Nhơn,2026-07-01,2.2,0.6,1.6,2
Quy Nhơn,2026-07-02,2.1,0.6,1.5,10
Quy Nhơn,2026-07-03,2.0,0.7,1.3,14
Quy Nhơn,2026-07-04,2.0,0.7,1.3,14
Quy Nhơn,2026-07-05,1.9,0.8,1.1,22
Quy Nhơn,2026-07-06,1.8,0.8,1.0,24
Quy Nhơn,2026-07-07,1.8,0.8,1.0,24
Quy Nhơn,2026-07-08,1.8,0.8,1.0,24
Quy Nhơn,2026-07-09,1.8,0.8,1.0,24
Quy Nhơn,2026-07-10,2.0,0.7,1.3,14
Quy Nhơn,2026-07-11,2.0,0.7,1.3,14
Quy Nhơn,2026-07-12,2.1,0.6,1.5,10
Quy Nhơn,2026-07-13,2.2,0.6,1.6,2
Quy Nhơn,2026-07-14,2.2,0.6,1.6,2
Quy Nhơn,2026-07-15,2.2,0.6,1.6,2
Quy Nhơn,2026-07-16,2.2,0.6,1.6,2
Quy Nhơn,2026-07-17,2.1,0.7,1.4,13
Quy Nhơn,2026-07-18,2.0,0.7,1.3,14
Quy Nhơn,2026-07-19,1.9,0.7,1.2,20
Quy Nhơn,2026-07-20,1.9,0.8,1.1,22
Quy Nhơn,2026-07-21,1.8,0.8,1.0,24
Quy Nhơn,2026-07-22,1.8,0.8,1.0,24
Quy Nhơn,2026-07-23,1.8,0.8,1.0,24
Quy Nhơn,2026-07-24,1.8,0.8,1.0,24
Quy Nhơn,2026-07-25,1.9,0.7,1.2,20
Quy Nhơn,2026-07-26,2.0,0.7,1.3,14
Quy Nhơn,2026-07-27,2.1,0.6,1.5,10
Quy Nhơn,2026-07-28,2.2,0.6,1.6,2
Quy Nhơn,2026-07-29,2.2,0.6,1.6,2
Quy Nhơn,2026-07-30,2.3,0.6,1.7,1
Quy Nhơn,2026-07-31,2.2,0.6,1.6,2
Quy Nhơn,2026-08-01,2.1,0.6,1.5,10
Quy Nhơn,2026-08-02,2.0,0.7,1.3,16
Quy Nhơn,2026-08-03,1.9,0.7,1.2,20
Quy Nhơn,2026-08-04,1.8,0.8,1.0,23
Quy Nhơn,2026-08-05,1.8,0.8,1.0,23
Quy Nhơn,2026-08-06,1.7,0.8,0.9,30
Quy Nhơn,2026-08-07,1.8,0.8,1.0,23
Quy Nhơn,2026-08-08,1.8,0.8,1.0,23
Quy Nhơn,2026-08-09,2.0,0.7,1.3,16
Quy Nhơn,2026-08-10,2.1,0.7,1.4,13
Quy Nhơn,2026-08-11,2.2,0.6,1.6,2
Quy Nhơn,2026-08-12,2.2,0.6,1.6,2
Quy Nhơn,2026-08-13,2.2,0.6,1.6,2
Quy Nhơn,2026-08-14,2.2,0.6,1.6,2
Quy Nhơn,2026-08-15,2.2,0.6,1.6,2
Quy Nhơn,2026-08-16,2.1,0.7,1.4,13
Quy Nhơn,2026-08-17,2.0,0.7,1.3,16
Quy Nhơn,2026-08-18,1.9,0.8,1.1,21
Quy Nhơn,2026-08-19,1.8,0.8,1.0,23
Quy Nhơn,2026-08-20,1.8,0.8,1.0,23
Quy Nhơn,2026-08-21,1.7,0.8,0.9,30
Quy Nhơn,2026-08-22,1.8,0.8,1.0,23
Quy Nhơn,2026-08-23,1.9,0.8,1.1,21
Quy Nhơn,2026-08-24,2.0,0.7,1.3,16
Quy Nhơn,2026-08-25,2.1,0.6,1.5,10
Quy Nhơn,2026-08-26,2.2,0.6,1.6,2
Quy Nhơn,2026-08-27,2.2,0.6,1.6,2
Quy Nhơn,2026-08-28,2.3,0.6,1.7,1
Quy Nhơn,2026-08-29,2.2,0.6,1.6,2
Quy Nhơn,2026-08-30,2.1,0.6,1.5,10
Quy Nhơn,2026-08-31,2.0,0.6,1.4,13
Quy Nhơn,2026-09-01,2.0,0.7,1.3,14
Quy Nhơn,2026-09-02,1.9,0.8,1.1,20
Quy Nhơn,2026-09-03,1.8,0.8,1.0,23
Quy Nhơn,2026-09-04,1.7,0.8,0.9,29
Quy Nhơn,2026-09-05,1.8,0.8,1.0,23
Quy Nhơn,2026-09-06,1.8,0.8,1.0,23
Quy Nhơn,2026-09-07,1.9,0.8,1.1,20
Quy Nhơn,2026-09-08,2.0,0.7,1.3,14
Quy Nhơn,2026-09-09,2.1,0.6,1.5,9
Quy Nhơn,2026-09-10,2.2,0.6,1.6,4
Quy Nhơn,2026-09-11,2.3,0.6,1.7,1
Quy Nhơn,2026-09-12,2.3,0.6,1.7,1
Quy Nhơn,2026-09-13,2.2,0.6,1.6,4
Quy Nhơn,2026-09-14,2.1,0.7,1.4,12
Quy Nhơn,2026-09-15,2.1,0.7,1.4,12
Quy Nhơn,2026-09-16,1.9,0.7,1.2,18
Quy Nhơn,2026-09-17,1.8,0.8,1.0,23
Quy Nhơn,2026-09-18,1.8,0.8,1.0,23
Quy Nhơn,2026-09-19,1.7,0.8,0.9,29
Quy Nhơn,2026-09-20,1.8,0.8,1.0,23
Quy Nhơn,2026-09-21,1.9,0.8,1.1,20
Quy Nhơn,2026-09-22,1.9,0.7,1.2,18
Quy Nhơn,2026-09-23,2.0,0.7,1.3,14
Quy Nhơn,2026-09-24,2.1,0.6,1.5,9
Quy Nhơn,2026-09-25,2.2,0.6,1.6,4
Quy Nhơn,2026-09-26,2.3,0.6,1.7,1
Quy Nhơn,2026-09-27,2.2,0.6,1.6,4
Quy Nhơn,2026-09-28,2.2,0.6,1.6,4
Quy Nhơn,2026-09-29,2.1,0.6,1.5,9
Quy Nhơn,2026-09-30,2.0,0.7,1.3,14
Quy Nhơn,2026-10-01,1.9,0.7,1.2,17
Quy Nhơn,2026-10-02,1.8,0.7,1.1,21
Quy Nhơn,2026-10-03,1.8,0.8,1.0,24
Quy Nhơn,2026-10-04,1.8,0.8,1.0,24
Quy Nhơn,2026-10-05,1.8,0.8,1.0,24
Quy Nhơn,2026-10-06,1.8,0.8,1.0,24
Quy Nhơn,2026-10-07,1.9,0.7,1.2,17
Quy Nhơn,2026-10-08,2.1,0.6,1.5,9
Quy Nhơn,2026-10-09,2.1,0.6,1.5,9
Quy Nhơn,2026-10-10,2.2,0.6,1.6,2
Quy Nhơn,2026-10-11,2.2,0.6,1.6,2
Quy Nhơn,2026-10-12,2.2,0.6,1.6,2
Quy Nhơn,2026-10-13,2.2,0.6,1.6,2
Quy Nhơn,2026-10-14,2.1,0.7,1.4,13
Quy Nhơn,2026-10-15,2.0,0.7,1.3,15
Quy Nhơn,2026-10-16,1.9,0.8,1.1,21
Quy Nhơn,2026-10-17,1.9,0.8,1.1,21
Quy Nhơn,2026-10-18,1.7,0.8,0.9,30
Quy Nhơn,2026-10-19,1.7,0.8,0.9,30
Quy Nhơn,2026-10-20,1.8,0.8,1.0,24
Quy Nhơn,2026-10-21,1.9,0.7,1.2,17
Quy Nhơn,2026-10-22,2.0,0.7,1.3,15
Quy Nhơn,2026-10-23,2.1,0.6,1.5,9
Quy Nhơn,2026-10-24,2.2,0.6,1.6,2
Quy Nhơn,2026-10-25,2.2,0.6,1.6,2
Quy Nhơn,2026-10-26,2.3,0.6,1.7,1
Quy Nhơn,2026-10-27,2.2,0.6,1.6,2
Quy Nhơn,2026-10-28,2.1,0.6,1.5,9
Quy Nhơn,2026-10-29,2.1,0.7,1.4,13
Quy Nhơn,2026-10-30,1.9,0.7,1.2,17
Quy Nhơn,2026-10-31,1.8,0.8,1.0,24
Quy Nhơn,2026-11-01,1.8,0.8,1.0,22
Quy Nhơn,2026-11-02,1.7,0.8,0.9,29
Quy Nhơn,2026-11-03,1.7,0.8,0.9,29
Quy Nhơn,2026-11-04,1.8,0.8,1.0,22
Quy Nhơn,2026-11-05,1.9,0.7,1.2,18
Quy Nhơn,2026-11-06,2.0,0.7,1.3,14
Quy Nhơn,2026-11-07,2.1,0.6,1.5,9
Quy Nhơn,2026-11-08,2.2,0.6,1.6,1
Quy Nhơn,2026-11-09,2.2,0.6,1.6,1
Quy Nhơn,2026-11-10,2.2,0.6,1.6,1
Quy Nhơn,2026-11-11,2.2,0.6,1.6,1
Quy Nhơn,2026-11-12,2.1,0.6,1.5,9
Quy Nhơn,2026-11-13,2.1,0.7,1.4,11
Quy Nhơn,2026-11-14,1.9,0.8,1.1,20
Quy Nhơn,2026-11-15,1.8,0.8,1.0,22
Quy Nhơn,2026-11-16,1.8,0.8,1.0,22
Quy Nhơn,2026-11-17,1.8,0.8,1.0,22
Quy Nhơn,2026-11-18,1.8,0.8,1.0,22
Quy Nhơn,2026-11-19,1.8,0.8,1.0,22
Quy Nhơn,2026-11-20,2.0,0.7,1.3,14
Quy Nhơn,2026-11-21,2.0,0.7,1.3,14
Quy Nhơn,2026-11-22,2.1,0.7,1.4,11
Quy Nhơn,2026-11-23,2.2,0.6,1.6,1
Quy Nhơn,2026-11-24,2.2,0.6,1.6,1
Quy Nhơn,2026-11-25,2.2,0.6,1.6,1
Quy Nhơn,2026-11-26,2.2,0.6,1.6,1
Quy Nhơn,2026-11-27,2.1,0.7,1.4,11
Quy Nhơn,2026-11-28,2.0,0.7,1.3,14
Quy Nhơn,2026-11-29,1.9,0.7,1.2,18
Quy Nhơn,2026-11-30,1.8,0.7,1.1,20
Quy Nhơn,2026-12-01,1.7,0.8,0.9,29
Quy Nhơn,2026-12-02,1.8,0.8,1.0,22
Quy Nhơn,2026-12-03,1.8,0.8,1.0,22
Quy Nhơn,2026-12-04,1.9,0.7,1.2,17
Quy Nhơn,2026-12-05,1.9,0.7,1.2,17
Quy Nhơn,2026-12-06,2.0,0.7,1.3,13
Quy Nhơn,2026-12-07,2.1,0.6,1.5,9
Quy Nhơn,2026-12-08,2.2,0.6,1.6,2
Quy Nhơn,2026-12-09,2.2,0.6,1.6,2
Quy Nhơn,2026-12-10,2.2,0.6,1.6,2
Quy Nhơn,2026-12-11,2.2,0.6,1.6,2
Quy Nhơn,2026-12-12,2.1,0.7,1.4,11
Quy Nhơn,2026-12-13,2.0,0.7,1.3,13
Quy Nhơn,2026-12-14,1.9,0.8,1.1,20
Quy Nhơn,2026-12-15,1.8,0.8,1.0,22
Quy Nhơn,2026-12-16,1.7,0.8,0.9,29
Quy Nhơn,2026-12-17,1.8,0.8,1.0,22
Quy Nhơn,2026-12-18,1.8,0.8,1.0,22
Quy Nhơn,2026-12-19,1.9,0.8,1.1,20
Quy Nhơn,2026-12-20,2.0,0.7,1.3,13
Quy Nhơn,2026-12-21,2.1,0.7,1.4,11
Quy Nhơn,2026-12-22,2.1,0.6,1.5,9
Quy Nhơn,2026-12-23,2.2,0.6,1.6,2
Quy Nhơn,2026-12-24,2.3,0.6,1.7,1
Quy Nhơn,2026-12-25,2.2,0.6,1.6,2
Quy Nhơn,2026-12-26,2.2,0.6,1.6,2
Quy Nhơn,2026-12-27,2.0,0.7,1.3,13
Quy Nhơn,2026-12-28,1.9,0.7,1.2,17
Quy Nhơn,2026-12-29,1.8,0.8,1.0,22
Quy Nhơn,2026-12-30,1.8,0.8,1.0,22
Quy Nhơn,2026-12-31,1.7,0.8,0.9,29
Nha Trang,2026-01-01,1.8,0.4,1.4,7
Nha Trang,2026-01-02,1.8,0.4,1.4,7
Nha Trang,2026-01-03,1.9,0.4,1.5,1
Nha Trang,2026-01-04,1.9,0.4,1.5,1
Nha Trang,2026-01-05,1.9,0.4,1.5,1
Nha Trang,2026-01-06,1.8,0.4,1.4,7
Nha Trang,2026-01-07,1.7,0.5,1.2,14
Nha Trang,2026-01-08,1.6,0.5,1.1,20
Nha Trang,2026-01-09,1.6,0.6,1.0,22
Nha Trang,2026-01-10,1.5,0.6,0.9,26
Nha Trang,2026-01-11,1.4,0.6,0.8,31
Nha Trang,2026-01-12,1.5,0.6,0.9,26
Nha Trang,2026-01-13,1.6,0.6,1.0,22
Nha Trang,2026-01-14,1.7,0.5,1.2,14
Nha Trang,2026-01-15,1.7,0.5,1.2,14
Nha Trang,2026-01-16,1.8,0.4,1.4,7
Nha Trang,2026-01-17,1.9,0.4,1.5,1
Nha Trang,2026-01-18,1.9,0.4,1.5,1
Nha Trang,2026-01-19,1.9,0.4,1.5,1
Nha Trang,2026-01-20,1.9,0.5,1.4,7
Nha Trang,2026-01-21,1.8,0.4,1.4,7
Nha Trang,2026-01-22,1.7,0.5,1.2,14
Nha Trang,2026-01-23,1.6,0.6,1.0,22
Nha Trang,2026-01-24,1.6,0.6,1.0,22
Nha Trang,2026-01-25,1.5,0.6,0.9,26
Nha Trang,2026-01-26,1.5,0.6,0.9,26
Nha Trang,2026-01-27,1.5,0.6,0.9,26
Nha Trang,2026-01-28,1.6,0.5,1.1,20
Nha Trang,2026-01-29,1.7,0.5,1.2,14
Nha Trang,2026-01-30,1.7,0.5,1.2,14
Nha Trang,2026-01-31,1.8,0.4,1.4,7
Nha Trang,2026-02-01,1.9,0.4,1.5,1
Nha Trang,2026-02-02,1.9,0.4,1.5,1
Nha Trang,2026-02-03,1.9,0.4,1.5,1
Nha Trang,2026-02-04,1.9,0.4,1.5,1
Nha Trang,2026-02-05,1.8,0.5,1.3,10
Nha Trang,2026-02-06,1.7,0.5,1.2,13
Nha Trang,2026-02-07,1.6,0.5,1.1,17
Nha Trang,2026-02-08,1.5,0.6,0.9,21
Nha Trang,2026-02-09,1.5,0.6,0.9,21
Nha Trang,2026-02-10,1.5,0.6,0.9,21
Nha Trang,2026-02-11,1.5,0.6,0.9,21
Nha Trang,2026-02-12,1.6,0.6,1.0,19
Nha Trang,2026-02-13,1.7,0.5,1.2,13
Nha Trang,2026-02-14,1.8,0.5,1.3,10
Nha Trang,2026-02-15,1.9,0.4,1.5,1
Nha Trang,2026-02-16,1.9,0.4,1.5,1
Nha Trang,2026-02-17,1.9,0.4,1.5,1
Nha Trang,2026-02-18,1.9,0.4,1.5,1
Nha Trang,2026-02-19,1.9,0.4,1.5,1
Nha Trang,2026-02-20,1.7,0.4,1.3,10
Nha Trang,2026-02-21,1.7,0.5,1.2,13
Nha Trang,2026-02-22,1.6,0.6,1.0,19
Nha Trang,2026-02-23,1.5,0.6,0.9,21
Nha Trang,2026-02-24,1.5,0.6,0.9,21
Nha Trang,2026-02-25,1.5,0.6,0.9,21
Nha Trang,2026-02-26,1.5,0.6,0.9,21
Nha Trang,2026-02-27,1.6,0.5,1.1,17
Nha Trang,2026-02-28,1.7,0.5,1.2,13
Nha Trang,2026-03-01,1.8,0.5,1.3,10
Nha Trang,2026-03-02,1.9,0.4,1.5,1
Nha Trang,2026-03-03,1.9,0.4,1.5,1
Nha Trang,2026-03-04,1.9,0.4,1.5,1
Nha Trang,2026-03-05,1.9,0.4,1.5,1
Nha Trang,2026-03-06,1.8,0.5,1.3,10
Nha Trang,2026-03-07,1.7,0.5,1.2,14
Nha Trang,2026-03-08,1.6,0.5,1.1,18
Nha Trang,2026-03-09,1.5,0.6,0.9,23
Nha Trang,2026-03-10,1.5,0.6,0.9,23
Nha Trang,2026-03-11,1.5,0.6,0.9,23
Nha Trang,2026-03-12,1.5,0.6,0.9,23
Nha Trang,2026-03-13,1.5,0.6,0.9,23
Nha Trang,2026-03-14,1.6,0.6,1.0,21
Nha Trang,2026-03-15,1.7,0.6,1.1,18
Nha Trang,2026-03-16,1.8,0.5,1.3,10
Nha Trang,2026-03-17,1.9,0.4,1.5,1
Nha Trang,2026-03-18,1.9,0.4,1.5,1
Nha Trang,2026-03-19,1.9,0.4,1.5,1
Nha Trang,2026-03-20,1.8,0.4,1.4,8
Nha Trang,2026-03-21,1.8,0.4,1.4,8
Nha Trang,2026-03-22,1.7,0.5,1.2,14
Nha Trang,2026-03-23,1.6,0.5,1.1,18
Nha Trang,2026-03-24,1.6,0.6,1.0,21
Nha Trang,2026-03-25,1.5,0.6,0.9,23
Nha Trang,2026-03-26,1.5,0.6,0.9,23
Nha Trang,2026-03-27,1.5,0.6,0.9,23
Nha Trang,2026-03-28,1.5,0.6,0.9,23
Nha Trang,2026-03-29,1.7,0.5,1.2,14
Nha Trang,2026-03-30,1.7,0.5,1.2,14
Nha Trang,2026-03-31,1.8,0.5,1.3,10
Nha Trang,2026-04-01,1.8,0.4,1.4,7
Nha Trang,2026-04-02,1.9,0.4,1.5,2
Nha Trang,2026-04-03,1.9,0.4,1.5,2
Nha Trang,2026-04-04,1.9,0.4,1.5,2
Nha Trang,2026-04-05,1.8,0.5,1.3,10
Nha Trang,2026-04-06,1.7,0.5,1.2,15
Nha Trang,2026-04-07,1.6,0.6,1.0,22
Nha Trang,2026-04-08,1.5,0.6,0.9,24
Nha Trang,2026-04-09,1.5,0.5,1.0,22
Nha Trang,2026-04-10,1.5,0.6,0.9,24
Nha Trang,2026-04-11,1.5,0.6,0.9,24
Nha Trang,2026-04-12,1.6,0.5,1.1,19
Nha Trang,2026-04-13,1.7,0.5,1.2,15
Nha Trang,2026-04-14,1.8,0.4,1.4,7
Nha Trang,2026-04-15,1.8,0.5,1.3,10
Nha Trang,2026-04-16,1.9,0.4,1.5,2
Nha Trang,2026-04-17,2.0,0.4,1.6,1
Nha Trang,2026-04-18,1.9,0.4,1.5,2
Nha Trang,2026-04-19,1.8,0.5,1.3,10
Nha Trang,2026-04-20,1.8,0.5,1.3,10
Nha Trang,2026-04-21,1.7,0.5,1.2,15
Nha Trang,2026-04-22,1.6,0.5,1.1,19
Nha Trang,2026-04-23,1.5,0.6,0.9,24
Nha Trang,2026-04-24,1.5,0.6,0.9,24
Nha Trang,2026-04-25,1.5,0.6,0.9,24
Nha Trang,2026-04-26,1.5,0.6,0.9,24
Nha Trang,2026-04-27,1.6,0.5,1.1,19
Nha Trang,2026-04-28,1.7,0.5,1.2,15
Nha Trang,2026-04-29,1.7,0.4,1.3,10
Nha Trang,2026-04-30,1.8,0.4,1.4,7
Nha Trang,2026-05-01,1.9,0.4,1.5,1
Nha Trang,2026-05-02,1.9,0.4,1.5,1
Nha Trang,2026-05-03,1.9,0.4,1.5,1
Nha Trang,2026-05-04,1.8,0.5,1.3,11
Nha Trang,2026-05-05,1.7,0.5,1.2,14
Nha Trang,2026-05-06,1.6,0.5,1.1,18
Nha Trang,2026-05-07,1.6,0.6,1.0,23
Nha Trang,2026-05-08,1.5,0.6,0.9,24
Nha Trang,2026-05-09,1.5,0.6,0.9,24
Nha Trang,2026-05-10,1.5,0.6,0.9,24
Nha Trang,2026-05-11,1.5,0.6,0.9,24
Nha Trang,2026-05-12,1.6,0.5,1.1,18
Nha Trang,2026-05-13,1.7,0.5,1.2,14
Nha Trang,2026-05-14,1.8,0.5,1.3,11
Nha Trang,2026-05-15,1.9,0.4,1.5,1
Nha Trang,2026-05-16,1.9,0.4,1.5,1
Nha Trang,2026-05-17,1.9,0.4,1.5,1
Nha Trang,2026-05-18,1.9,0.4,1.5,1
Nha Trang,2026-05-19,1.8,0.4,1.4,10
Nha Trang,2026-05-20,1.7,0.5,1.2,14
Nha Trang,2026-05-21,1.6,0.5,1.1,18
Nha Trang,2026-05-22,1.6,0.5,1.1,18
Nha Trang,2026-05-23,1.5,0.6,0.9,24
Nha Trang,2026-05-24,1.5,0.6,0.9,24
Nha Trang,2026-05-25,1.5,0.6,0.9,24
Nha Trang,2026-05-26,1.5,0.6,0.9,24
Nha Trang,2026-05-27,1.6,0.5,1.1,18
Nha Trang,2026-05-28,1.7,0.5,1.2,14
Nha Trang,2026-05-29,1.8,0.5,1.3,11
Nha Trang,2026-05-30,1.9,0.4,1.5,1
Nha Trang,2026-05-31,1.9,0.4,1.5,1
Nha Trang,2026-06-01,2.0,0.4,1.6,1
Nha Trang,2026-06-02,1.9,0.4,1.5,2
Nha Trang,2026-06-03,1.8,0.4,1.4,11
Nha Trang,2026-06-04,1.7,0.5,1.2,14
Nha Trang,2026-06-05,1.6,0.6,1.0,21
Nha Trang,2026-06-06,1.5,0.6,0.9,24
Nha Trang,2026-06-07,1.5,0.6,0.9,24
Nha Trang,2026-06-08,1.5,0.6,0.9,24
Nha Trang,2026-06-09,1.5,0.6,0.9,24
Nha Trang,2026-06-10,1.6,0.5,1.1,19
Nha Trang,2026-06-11,1.7,0.5,1.2,14
Nha Trang,2026-06-12,1.7,0.5,1.2,14
Nha Trang,2026-06-13,1.9,0.4,1.5,2
Nha Trang,2026-06-14,1.9,0.4,1.5,2
Nha Trang,2026-06-15,1.9,0.4,1.5,2
Nha Trang,2026-06-16,1.9,0.4,1.5,2
Nha Trang,2026-06-17,1.9,0.4,1.5,2
Nha Trang,2026-06-18,1.8,0.5,1.3,12
Nha Trang,2026-06-19,1.7,0.5,1.2,14
Nha Trang,2026-06-20,1.6,0.5,1.1,19
Nha Trang,2026-06-21,1.5,0.5,1.0,21
Nha Trang,2026-06-22,1.4,0.6,0.8,29
Nha Trang,2026-06-23,1.4,0.6,0.8,29
Nha Trang,2026-06-24,1.5,0.6,0.9,24
Nha Trang,2026-06-25,1.6,0.6,1.0,21
Nha Trang,2026-06-26,1.7,0.5,1.2,14
Nha Trang,2026-06-27,1.8,0.5,1.3,12
Nha Trang,2026-06-28,1.9,0.4,1.5,2
Nha Trang,2026-06-29,1.9,0.4,1.5,2
Nha Trang,2026-06-30,1.9,0.4,1.5,2
Nha Trang,2026-07-01,1.9,0.4,1.5,1
Nha Trang,2026-07-02,1.8,0.4,1.4,10
Nha Trang,2026-07-03,1.7,0.5,1.2,14
Nha Trang,2026-07-04,1.7,0.5,1.2,14
Nha Trang,2026-07-05,1.5,0.6,0.9,23
Nha Trang,2026-07-06,1.5,0.6,0.9,23
Nha Trang,2026-07-07,1.5,0.6,0.9,23
Nha Trang,2026-07-08,1.5,0.6,0.9,23
Nha Trang,2026-07-09,1.6,0.6,1.0,21
Nha Trang,2026-07-10,1.6,0.6,1.0,21
Nha Trang,2026-07-11,1.7,0.5,1.2,14
Nha Trang,2026-07-12,1.8,0.5,1.3,13
Nha Trang,2026-07-13,1.9,0.4,1.5,1
Nha Trang,2026-07-14,1.9,0.4,1.5,1
Nha Trang,2026-07-15,1.9,0.4,1.5,1
Nha Trang,2026-07-16,1.9,0.4,1.5,1
Nha Trang,2026-07-17,1.8,0.4,1.4,10
Nha Trang,2026-07-18,1.7,0.5,1.2,14
Nha Trang,2026-07-19,1.6,0.5,1.1,19
Nha Trang,2026-07-20,1.5,0.6,0.9,23
Nha Trang,2026-07-21,1.5,0.6,0.9,23
Nha Trang,2026-07-22,1.5,0.6,0.9,23
Nha Trang,2026-07-23,1.5,0.6,0.9,23
Nha Trang,2026-07-24,1.5,0.6,0.9,23
Nha Trang,2026-07-25,1.6,0.5,1.1,19
Nha Trang,2026-07-26,1.7,0.5,1.2,14
Nha Trang,2026-07-27,1.8,0.4,1.4,10
Nha Trang,2026-07-28,1.9,0.4,1.5,1
Nha Trang,2026-07-29,1.9,0.4,1.5,1
Nha Trang,2026-07-30,1.9,0.4,1.5,1
Nha Trang,2026-07-31,1.9,0.4,1.5,1
Nha Trang,2026-08-01,1.8,0.4,1.4,10
Nha Trang,2026-08-02,1.7,0.5,1.2,15
Nha Trang,2026-08-03,1.6,0.6,1.0,22
Nha Trang,2026-08-04,1.6,0.6,1.0,22
Nha Trang,2026-08-05,1.5,0.6,0.9,26
Nha Trang,2026-08-06,1.5,0.6,0.9,26
Nha Trang,2026-08-07,1.5,0.5,1.0,22
Nha Trang,2026-08-08,1.6,0.6,1.0,22
Nha Trang,2026-08-09,1.6,0.5,1.1,19
Nha Trang,2026-08-10,1.8,0.5,1.3,12
Nha Trang,2026-08-11,1.9,0.4,1.5,1
Nha Trang,2026-08-12,1.9,0.4,1.5,1
Nha Trang,2026-08-13,1.9,0.4,1.5,1
Nha Trang,2026-08-14,1.9,0.4,1.5,1
Nha Trang,2026-08-15,1.9,0.4,1.5,1
Nha Trang,2026-08-16,1.8,0.5,1.3,12
Nha Trang,2026-08-17,1.7,0.5,1.2,15
Nha Trang,2026-08-18,1.6,0.5,1.1,19
Nha Trang,2026-08-19,1.5,0.6,0.9,26
Nha Trang,2026-08-20,1.5,0.6,0.9,26
Nha Trang,2026-08-21,1.5,0.6,0.9,26
Nha Trang,2026-08-22,1.5,0.6,0.9,26
Nha Trang,2026-08-23,1.6,0.5,1.1,19
Nha Trang,2026-08-24,1.7,0.5,1.2,15
Nha Trang,2026-08-25,1.8,0.5,1.3,12
Nha Trang,2026-08-26,1.9,0.4,1.5,1
Nha Trang,2026-08-27,1.9,0.4,1.5,1
Nha Trang,2026-08-28,1.9,0.4,1.5,1
Nha Trang,2026-08-29,1.9,0.4,1.5,1
Nha Trang,2026-08-30,1.8,0.4,1.4,10
Nha Trang,2026-08-31,1.7,0.5,1.2,15
Nha Trang,2026-09-01,1.7,0.5,1.2,13
Nha Trang,2026-09-02,1.6,0.6,1.0,22
Nha Trang,2026-09-03,1.5,0.6,0.9,23
Nha Trang,2026-09-04,1.5,0.6,0.9,23
Nha Trang,2026-09-05,1.5,0.6,0.9,23
Nha Trang,2026-09-06,1.5,0.6,0.9,23
Nha Trang,2026-09-07,1.6,0.5,1.1,18
Nha Trang,2026-09-08,1.7,0.5,1.2,13
Nha Trang,2026-09-09,1.8,0.4,1.4,9
Nha Trang,2026-09-10,1.9,0.4,1.5,1
Nha Trang,2026-09-11,1.9,0.4,1.5,1
Nha Trang,2026-09-12,1.9,0.4,1.5,1
Nha Trang,2026-09-13,1.9,0.4,1.5,1
Nha Trang,2026-09-14,1.8,0.4,1.4,9
Nha Trang,2026-09-15,1.7,0.5,1.2,13
Nha Trang,2026-09-16,1.6,0.5,1.1,18
Nha Trang,2026-09-17,1.5,0.6,0.9,23
Nha Trang,2026-09-18,1.5,0.6,0.9,23
Nha Trang,2026-09-19,1.5,0.6,0.9,23
Nha Trang,2026-09-20,1.5,0.6,0.9,23
Nha Trang,2026-09-21,1.6,0.5,1.1,18
Nha Trang,2026-09-22,1.6,0.5,1.1,18
Nha Trang,2026-09-23,1.7,0.5,1.2,13
Nha Trang,2026-09-24,1.8,0.4,1.4,9
Nha Trang,2026-09-25,1.9,0.4,1.5,1
Nha Trang,2026-09-26,1.9,0.4,1.5,1
Nha Trang,2026-09-27,1.9,0.4,1.5,1
Nha Trang,2026-09-28,1.9,0.4,1.5,1
Nha Trang,2026-09-29,1.8,0.4,1.4,9
Nha Trang,2026-09-30,1.7,0.5,1.2,13
Nha Trang,2026-10-01,1.6,0.5,1.1,18
Nha Trang,2026-10-02,1.5,0.6,0.9,24
Nha Trang,2026-10-03,1.5,0.6,0.9,24
Nha Trang,2026-10-04,1.5,0.6,0.9,24
Nha Trang,2026-10-05,1.5,0.6,0.9,24
Nha Trang,2026-10-06,1.6,0.6,1.0,22
Nha Trang,2026-10-07,1.7,0.5,1.2,15
Nha Trang,2026-10-08,1.8,0.5,1.3,12
Nha Trang,2026-10-09,1.8,0.5,1.3,12
Nha Trang,2026-10-10,1.9,0.4,1.5,1
Nha Trang,2026-10-11,1.9,0.4,1.5,1
Nha Trang,2026-10-12,1.9,0.4,1.5,1
Nha Trang,2026-10-13,1.9,0.4,1.5,1
Nha Trang,2026-10-14,1.8,0.4,1.4,9
Nha Trang,2026-10-15,1.7,0.5,1.2,15
Nha Trang,2026-10-16,1.6,0.5,1.1,18
Nha Trang,2026-10-17,1.5,0.6,0.9,24
Nha Trang,2026-10-18,1.5,0.6,0.9,24
Nha Trang,2026-10-19,1.5,0.6,0.9,24
Nha Trang,2026-10-20,1.5,0.6,0.9,24
Nha Trang,2026-10-21,1.6,0.6,1.0,22
Nha Trang,2026-10-22,1.7,0.5,1.2,15
Nha Trang,2026-10-23,1.8,0.4,1.4,9
Nha Trang,2026-10-24,1.9,0.4,1.5,1
Nha Trang,2026-10-25,1.9,0.4,1.5,1
Nha Trang,2026-10-26,1.9,0.4,1.5,1
Nha Trang,2026-10-27,1.9,0.4,1.5,1
Nha Trang,2026-10-28,1.8,0.4,1.4,9
Nha Trang,2026-10-29,1.8,0.5,1.3,12
Nha Trang,2026-10-30,1.6,0.5,1.1,18
Nha Trang,2026-10-31,1.6,0.5,1.1,18
Nha Trang,2026-11-01,1.5,0.6,0.9,22
Nha Trang,2026-11-02,1.5,0.6,0.9,22
Nha Trang,2026-11-03,1.5,0.6,0.9,22
Nha Trang,2026-11-04,1.5,0.6,0.9,22
Nha Trang,2026-11-05,1.6,0.5,1.1,19
Nha Trang,2026-11-06,1.7,0.5,1.2,13
Nha Trang,2026-11-07,1.8,0.4,1.4,8
Nha Trang,2026-11-08,1.9,0.4,1.5,2
Nha Trang,2026-11-09,1.9,0.4,1.5,2
Nha Trang,2026-11-10,1.9,0.4,1.5,2
Nha Trang,2026-11-11,1.9,0.4,1.5,2
Nha Trang,2026-11-12,1.8,0.4,1.4,8
Nha Trang,2026-11-13,1.7,0.5,1.2,13
Nha Trang,2026-11-14,1.7,0.5,1.2,13
Nha Trang,2026-11-15,1.6,0.6,1.0,21
Nha Trang,2026-11-16,1.5,0.6,0.9,22
Nha Trang,2026-11-17,1.5,0.6,0.9,22
Nha Trang,2026-11-18,1.5,0.6,0.9,22
Nha Trang,2026-11-19,1.5,0.6,0.9,22
Nha Trang,2026-11-20,1.7,0.5,1.2,13
Nha Trang,2026-11-21,1.7,0.5,1.2,13
Nha Trang,2026-11-22,1.8,0.5,1.3,11
Nha Trang,2026-11-23,1.9,0.4,1.5,2
Nha Trang,2026-11-24,2.0,0.4,1.6,1
Nha Trang,2026-11-25,1.9,0.4,1.5,2
Nha Trang,2026-11-26,1.9,0.5,1.4,8
Nha Trang,2026-11-27,1.8,0.5,1.3,11
Nha Trang,2026-11-28,1.7,0.5,1.2,13
Nha Trang,2026-11-29,1.6,0.5,1.1,19
Nha Trang,2026-11-30,1.5,0.6,0.9,22
Nha Trang,2026-12-01,1.5,0.6,0.9,23
Nha Trang,2026-12-02,1.5,0.6,0.9,23
Nha Trang,2026-12-03,1.5,0.6,0.9,23
Nha Trang,2026-12-04,1.6,0.6,1.0,21
Nha Trang,2026-12-05,1.7,0.5,1.2,14
Nha Trang,2026-12-06,1.7,0.5,1.2,14
Nha Trang,2026-12-07,1.8,0.4,1.4,8
Nha Trang,2026-12-08,1.9,0.4,1.5,3
Nha Trang,2026-12-09,2.0,0.4,1.6,1
Nha Trang,2026-12-10,2.0,0.4,1.6,1
Nha Trang,2026-12-11,1.9,0.4,1.5,3
Nha Trang,2026-12-12,1.8,0.4,1.4,8
Nha Trang,2026-12-13,1.7,0.5,1.2,14
Nha Trang,2026-12-14,1.6,0.5,1.1,19
Nha Trang,2026-12-15,1.5,0.6,0.9,23
Nha Trang,2026-12-16,1.5,0.6,0.9,23
Nha Trang,2026-12-17,1.5,0.6,0.9,23
Nha Trang,2026-12-18,1.5,0.6,0.9,23
Nha Trang,2026-12-19,1.6,0.5,1.1,19
Nha Trang,2026-12-20,1.7,0.5,1.2,14
Nha Trang,2026-12-21,1.8,0.4,1.4,8
Nha Trang,2026-12-22,1.8,0.5,1.3,12
Nha Trang,2026-12-23,1.9,0.4,1.5,3
Nha Trang,2026-12-24,1.9,0.4,1.5,3
Nha Trang,2026-12-25,1.9,0.4,1.5,3
Nha Trang,2026-12-26,1.8,0.4,1.4,8
Nha Trang,2026-12-27,1.8,0.5,1.3,12
Nha Trang,2026-12-28,1.7,0.5,1.2,14
Nha Trang,2026-12-29,1.6,0.6,1.0,21
Nha Trang,2026-12-30,1.5,0.6,0.9,23
Nha Trang,2026-12-31,1.5,0.6,0.9,23
Vũng Tàu,2026-01-01,4.4,0.6,3.8,12
Vũng Tàu,2026-01-02,4.6,0.5,4.1,6
Vũng Tàu,2026-01-03,4.7,0.4,4.3,2
Vũng Tàu,2026-01-04,4.8,0.4,4.4,1
Vũng Tàu,2026-01-05,4.6,0.5,4.1,6
Vũng Tàu,2026-01-06,4.4,0.5,3.9,10
Vũng Tàu,2026-01-07,4.2,0.6,3.6,14
Vũng Tàu,2026-01-08,3.9,0.8,3.1,19
Vũng Tàu,2026-01-09,3.7,0.9,2.8,22
Vũng Tàu,2026-01-10,3.5,1.0,2.5,26
Vũng Tàu,2026-01-11,3.4,1.0,2.4,30
Vũng Tàu,2026-01-12,3.5,1.0,2.5,26
Vũng Tàu,2026-01-13,3.7,0.9,2.8,22
Vũng Tàu,2026-01-14,3.9,0.8,3.1,19
Vũng Tàu,2026-01-15,4.2,0.6,3.6,14
Vũng Tàu,2026-01-16,4.4,0.5,3.9,10
Vũng Tàu,2026-01-17,4.7,0.5,4.2,5
Vũng Tàu,2026-01-18,4.7,0.4,4.3,2
Vũng Tàu,2026-01-19,4.7,0.4,4.3,2
Vũng Tàu,2026-01-20,4.6,0.5,4.1,6
Vũng Tàu,2026-01-21,4.4,0.6,3.8,12
Vũng Tàu,2026-01-22,4.1,0.7,3.4,17
Vũng Tàu,2026-01-23,3.9,0.8,3.1,19
Vũng Tàu,2026-01-24,3.6,1.0,2.6,25
Vũng Tàu,2026-01-25,3.5,1.0,2.5,26
Vũng Tàu,2026-01-26,3.4,1.0,2.4,30
Vũng Tàu,2026-01-27,3.5,1.0,2.5,26
Vũng Tàu,2026-01-28,3.7,0.9,2.8,22
Vũng Tàu,2026-01-29,4.0,0.8,3.2,18
Vũng Tàu,2026-01-30,4.2,0.6,3.6,14
Vũng Tàu,2026-01-31,4.5,0.5,4.0,9
Vũng Tàu,2026-02-01,4.7,0.4,4.3,2
Vũng Tàu,2026-02-02,4.7,0.4,4.3,2
Vũng Tàu,2026-02-03,4.7,0.4,4.3,2
Vũng Tàu,2026-02-04,4.6,0.5,4.1,7
Vũng Tàu,2026-02-05,4.4,0.6,3.8,10
Vũng Tàu,2026-02-06,4.1,0.7,3.4,13
Vũng Tàu,2026-02-07,3.8,0.8,3.0,17
Vũng Tàu,2026-02-08,3.6,0.9,2.7,21
Vũng Tàu,2026-02-09,3.4,1.0,2.4,28
Vũng Tàu,2026-02-10,3.5,1.0,2.5,25
Vũng Tàu,2026-02-11,3.6,0.9,2.7,21
Vũng Tàu,2026-02-12,3.8,0.8,3.0,17
Vũng Tàu,2026-02-13,4.0,0.7,3.3,15
Vũng Tàu,2026-02-14,4.3,0.6,3.7,11
Vũng Tàu,2026-02-15,4.5,0.5,4.0,8
Vũng Tàu,2026-02-16,4.6,0.4,4.2,6
Vũng Tàu,2026-02-17,4.8,0.4,4.4,1
Vũng Tàu,2026-02-18,4.7,0.4,4.3,2
Vũng Tàu,2026-02-19,4.5,0.5,4.0,8
Vũng Tàu,2026-02-20,4.3,0.6,3.7,11
Vũng Tàu,2026-02-21,4.0,0.8,3.2,16
Vũng Tàu,2026-02-22,3.7,0.9,2.8,20
Vũng Tàu,2026-02-23,3.6,0.9,2.7,21
Vũng Tàu,2026-02-24,3.5,1.0,2.5,25
Vũng Tàu,2026-02-25,3.5,1.0,2.5,25
Vũng Tàu,2026-02-26,3.6,0.9,2.7,21
Vũng Tàu,2026-02-27,3.8,0.9,2.9,19
Vũng Tàu,2026-02-28,4.1,0.7,3.4,13
Vũng Tàu,2026-03-01,4.4,0.6,3.8,11
Vũng Tàu,2026-03-02,4.6,0.5,4.1,6
Vũng Tàu,2026-03-03,4.7,0.4,4.3,1
Vũng Tàu,2026-03-04,4.7,0.4,4.3,1
Vũng Tàu,2026-03-05,4.7,0.5,4.2,5
Vũng Tàu,2026-03-06,4.5,0.5,4.0,9
Vũng Tàu,2026-03-07,4.2,0.7,3.5,16
Vũng Tàu,2026-03-08,3.9,0.7,3.2,18
Vũng Tàu,2026-03-09,3.7,0.9,2.8,22
Vũng Tàu,2026-03-10,3.6,1.0,2.6,26
Vũng Tàu,2026-03-11,3.5,1.0,2.5,28
Vũng Tàu,2026-03-12,3.5,0.9,2.6,26
Vũng Tàu,2026-03-13,3.6,0.9,2.7,24
Vũng Tàu,2026-03-14,3.8,0.8,3.0,21
Vũng Tàu,2026-03-15,4.2,0.6,3.6,14
Vũng Tàu,2026-03-16,4.4,0.6,3.8,11
Vũng Tàu,2026-03-17,4.6,0.5,4.1,6
Vũng Tàu,2026-03-18,4.7,0.4,4.3,1
Vũng Tàu,2026-03-19,4.7,0.4,4.3,1
Vũng Tàu,2026-03-20,4.6,0.5,4.1,6
Vũng Tàu,2026-03-21,4.4,0.6,3.8,11
Vũng Tàu,2026-03-22,4.1,0.7,3.4,17
Vũng Tàu,2026-03-23,3.9,0.8,3.1,19
Vũng Tàu,2026-03-24,3.6,0.9,2.7,24
Vũng Tàu,2026-03-25,3.5,1.0,2.5,28
Vũng Tàu,2026-03-26,3.5,1.0,2.5,28
Vũng Tàu,2026-03-27,3.5,1.0,2.5,28
Vũng Tàu,2026-03-28,3.7,0.9,2.8,22
Vũng Tàu,2026-03-29,3.9,0.8,3.1,19
Vũng Tàu,2026-03-30,4.2,0.6,3.6,14
Vũng Tàu,2026-03-31,4.5,0.5,4.0,9
Vũng Tàu,2026-04-01,4.7,0.4,4.3,2
Vũng Tàu,2026-04-02,4.7,0.4,4.3,2
Vũng Tàu,2026-04-03,4.7,0.4,4.3,2
Vũng Tàu,2026-04-04,4.5,0.5,4.0,8
Vũng Tàu,2026-04-05,4.4,0.6,3.8,11
Vũng Tàu,2026-04-06,4.1,0.7,3.4,15
Vũng Tàu,2026-04-07,3.8,0.9,2.9,20
Vũng Tàu,2026-04-08,3.6,0.9,2.7,23
Vũng Tàu,2026-04-09,3.5,1.0,2.5,27
Vũng Tàu,2026-04-10,3.4,1.0,2.4,30
Vũng Tàu,2026-04-11,3.6,1.0,2.6,25
Vũng Tàu,2026-04-12,3.8,0.9,2.9,20
Vũng Tàu,2026-04-13,4.0,0.8,3.2,18
Vũng Tàu,2026-04-14,4.3,0.6,3.7,12
Vũng Tàu,2026-04-15,4.5,0.5,4.0,8
Vũng Tàu,2026-04-16,4.7,0.4,4.3,2
Vũng Tàu,2026-04-17,4.8,0.4,4.4,1
Vũng Tàu,2026-04-18,4.7,0.4,4.3,2
Vũng Tàu,2026-04-19,4.5,0.5,4.0,8
Vũng Tàu,2026-04-20,4.3,0.6,3.7,12
Vũng Tàu,2026-04-21,4.0,0.7,3.3,17
Vũng Tàu,2026-04-22,3.8,0.9,2.9,20
Vũng Tàu,2026-04-23,3.6,1.0,2.6,25
Vũng Tàu,2026-04-24,3.5,1.0,2.5,27
Vũng Tàu,2026-04-25,3.5,1.0,2.5,27
Vũng Tàu,2026-04-26,3.6,0.9,2.7,23
Vũng Tàu,2026-04-27,3.8,0.8,3.0,19
Vũng Tàu,2026-04-28,4.1,0.7,3.4,15
Vũng Tàu,2026-04-29,4.3,0.6,3.7,12
Vũng Tàu,2026-04-30,4.6,0.5,4.1,7
Vũng Tàu,2026-05-01,4.7,0.4,4.3,2
Vũng Tàu,2026-05-02,4.8,0.4,4.4,1
Vũng Tàu,2026-05-03,4.7,0.4,4.3,2
Vũng Tàu,2026-05-04,4.5,0.5,4.0,10
Vũng Tàu,2026-05-05,4.2,0.6,3.6,14
Vũng Tàu,2026-05-06,4.0,0.8,3.2,18
Vũng Tàu,2026-05-07,3.7,0.9,2.8,22
Vũng Tàu,2026-05-08,3.5,1.0,2.5,27
Vũng Tàu,2026-05-09,3.5,1.0,2.5,27
Vũng Tàu,2026-05-10,3.5,1.0,2.5,27
Vũng Tàu,2026-05-11,3.6,0.9,2.7,24
Vũng Tàu,2026-05-12,3.8,0.8,3.0,21
Vũng Tàu,2026-05-13,4.1,0.7,3.4,17
Vũng Tàu,2026-05-14,4.4,0.5,3.9,11
Vũng Tàu,2026-05-15,4.6,0.5,4.1,9
Vũng Tàu,2026-05-16,4.7,0.4,4.3,2
Vũng Tàu,2026-05-17,4.7,0.4,4.3,2
Vũng Tàu,2026-05-18,4.6,0.4,4.2,8
Vũng Tàu,2026-05-19,4.4,0.6,3.8,13
Vũng Tàu,2026-05-20,4.2,0.7,3.5,15
Vũng Tàu,2026-05-21,3.9,0.8,3.1,19
Vũng Tàu,2026-05-22,3.6,0.9,2.7,24
Vũng Tàu,2026-05-23,3.5,1.0,2.5,27
Vũng Tàu,2026-05-24,3.5,1.0,2.5,27
Vũng Tàu,2026-05-25,3.6,1.0,2.6,26
Vũng Tàu,2026-05-26,3.7,0.9,2.8,22
Vũng Tàu,2026-05-27,3.9,0.8,3.1,19
Vũng Tàu,2026-05-28,4.2,0.7,3.5,15
Vũng Tàu,2026-05-29,4.4,0.5,3.9,11
Vũng Tàu,2026-05-30,4.7,0.4,4.3,2
Vũng Tàu,2026-05-31,4.7,0.4,4.3,2
Vũng Tàu,2026-06-01,4.7,0.4,4.3,1
Vũng Tàu,2026-06-02,4.6,0.5,4.1,7
Vũng Tàu,2026-06-03,4.3,0.6,3.7,11
Vũng Tàu,2026-06-04,4.1,0.7,3.4,15
Vũng Tàu,2026-06-05,3.8,0.8,3.0,19
Vũng Tàu,2026-06-06,3.6,0.9,2.7,23
Vũng Tàu,2026-06-07,3.5,1.0,2.5,26
Vũng Tàu,2026-06-08,3.4,1.0,2.4,29
Vũng Tàu,2026-06-09,3.5,1.0,2.5,26
Vũng Tàu,2026-06-10,3.8,0.8,3.0,19
Vũng Tàu,2026-06-11,4.0,0.8,3.2,18
Vũng Tàu,2026-06-12,4.3,0.6,3.7,11
Vũng Tàu,2026-06-13,4.5,0.5,4.0,9
Vũng Tàu,2026-06-14,4.7,0.4,4.3,1
Vũng Tàu,2026-06-15,4.7,0.4,4.3,1
Vũng Tàu,2026-06-16,4.7,0.4,4.3,1
Vũng Tàu,2026-06-17,4.5,0.5,4.0,9
Vũng Tàu,2026-06-18,4.3,0.6,3.7,11
Vũng Tàu,2026-06-19,4.0,0.7,3.3,16
Vũng Tàu,2026-06-20,3.8,0.9,2.9,22
Vũng Tàu,2026-06-21,3.5,0.9,2.6,25
Vũng Tàu,2026-06-22,3.4,1.1,2.3,30
Vũng Tàu,2026-06-23,3.5,1.0,2.5,26
Vũng Tàu,2026-06-24,3.6,0.9,2.7,23
Vũng Tàu,2026-06-25,3.8,0.8,3.0,19
Vũng Tàu,2026-06-26,4.1,0.8,3.3,16
Vũng Tàu,2026-06-27,4.3,0.6,3.7,11
Vũng Tàu,2026-06-28,4.6,0.5,4.1,7
Vũng Tàu,2026-06-29,4.7,0.4,4.3,1
Vũng Tàu,2026-06-30,4.7,0.4,4.3,1
Vũng Tàu,2026-07-01,4.7,0.4,4.3,1
Vũng Tàu,2026-07-02,4.5,0.5,4.0,10
Vũng Tàu,2026-07-03,4.2,0.6,3.6,14
Vũng Tàu,2026-07-04,4.0,0.8,3.2,18
Vũng Tàu,2026-07-05,3.7,0.9,2.8,22
Vũng Tàu,2026-07-06,3.5,0.9,2.6,26
Vũng Tàu,2026-07-07,3.4,1.0,2.4,30
Vũng Tàu,2026-07-08,3.5,1.0,2.5,27
Vũng Tàu,2026-07-09,3.7,0.9,2.8,22
Vũng Tàu,2026-07-10,3.9,0.8,3.1,20
Vũng Tàu,2026-07-11,4.1,0.7,3.4,17
Vũng Tàu,2026-07-12,4.4,0.6,3.8,13
Vũng Tàu,2026-07-13,4.6,0.5,4.1,8
Vũng Tàu,2026-07-14,4.7,0.4,4.3,1
Vũng Tàu,2026-07-15,4.7,0.4,4.3,1
Vũng Tàu,2026-07-16,4.7,0.4,4.3,1
Vũng Tàu,2026-07-17,4.4,0.5,3.9,11
Vũng Tàu,2026-07-18,4.2,0.6,3.6,14
Vũng Tàu,2026-07-19,3.9,0.8,3.1,20
Vũng Tàu,2026-07-20,3.7,0.9,2.8,22
Vũng Tàu,2026-07-21,3.5,1.0,2.5,27
Vũng Tàu,2026-07-22,3.4,1.0,2.4,30
Vũng Tàu,2026-07-23,3.5,1.0,2.5,27
Vũng Tàu,2026-07-24,3.7,0.9,2.8,22
Vũng Tàu,2026-07-25,3.9,0.7,3.2,18
Vũng Tàu,2026-07-26,4.2,0.6,3.6,14
Vũng Tàu,2026-07-27,4.4,0.5,3.9,11
Vũng Tàu,2026-07-28,4.6,0.4,4.2,7
Vũng Tàu,2026-07-29,4.7,0.4,4.3,1
Vũng Tàu,2026-07-30,4.7,0.4,4.3,1
Vũng Tàu,2026-07-31,4.6,0.5,4.1,8
Vũng Tàu,2026-08-01,4.4,0.6,3.8,11
Vũng Tàu,2026-08-02,4.1,0.7,3.4,16
Vũng Tàu,2026-08-03,3.9,0.9,3.0,20
Vũng Tàu,2026-08-04,3.6,0.9,2.7,24
Vũng Tàu,2026-08-05,3.5,1.0,2.5,27
Vũng Tàu,2026-08-06,3.4,1.0,2.4,31
Vũng Tàu,2026-08-07,3.5,1.0,2.5,27
Vũng Tàu,2026-08-08,3.7,0.9,2.8,23
Vũng Tàu,2026-08-09,4.0,0.8,3.2,19
Vũng Tàu,2026-08-10,4.3,0.7,3.6,14
Vũng Tàu,2026-08-11,4.5,0.5,4.0,7
Vũng Tàu,2026-08-12,4.7,0.4,4.3,1
Vũng Tàu,2026-08-13,4.7,0.4,4.3,1
Vũng Tàu,2026-08-14,4.7,0.4,4.3,1
Vũng Tàu,2026-08-15,4.5,0.5,4.0,7
Vũng Tàu,2026-08-16,4.3,0.6,3.7,12
Vũng Tàu,2026-08-17,4.1,0.7,3.4,16
Vũng Tàu,2026-08-18,3.7,0.8,2.9,21
Vũng Tàu,2026-08-19,3.6,0.9,2.7,24
Vũng Tàu,2026-08-20,3.5,1.0,2.5,27
Vũng Tàu,2026-08-21,3.5,1.0,2.5,27
Vũng Tàu,2026-08-22,3.6,0.9,2.7,24
Vũng Tàu,2026-08-23,3.8,0.9,2.9,21
Vũng Tàu,2026-08-24,4.1,0.7,3.4,16
Vũng Tàu,2026-08-25,4.3,0.6,3.7,12
Vũng Tàu,2026-08-26,4.5,0.5,4.0,7
Vũng Tàu,2026-08-27,4.7,0.4,4.3,1
Vũng Tàu,2026-08-28,4.7,0.4,4.3,1
Vũng Tàu,2026-08-29,4.6,0.4,4.2,6
Vũng Tàu,2026-08-30,4.5,0.5,4.0,7
Vũng Tàu,2026-08-31,4.2,0.6,3.6,14
Vũng Tàu,2026-09-01,4.0,0.8,3.2,17
Vũng Tàu,2026-09-02,3.7,0.9,2.8,21
Vũng Tàu,2026-09-03,3.5,1.0,2.5,25
Vũng Tàu,2026-09-04,3.5,1.0,2.5,25
Vũng Tàu,2026-09-05,3.5,1.0,2.5,25
Vũng Tàu,2026-09-06,3.6,0.9,2.7,24
Vũng Tàu,2026-09-07,3.8,0.8,3.0,20
Vũng Tàu,2026-09-08,4.1,0.7,3.4,15
Vũng Tàu,2026-09-09,4.4,0.5,3.9,9
Vũng Tàu,2026-09-10,4.6,0.5,4.1,5
Vũng Tàu,2026-09-11,4.7,0.4,4.3,2
Vũng Tàu,2026-09-12,4.7,0.4,4.3,2
Vũng Tàu,2026-09-13,4.6,0.5,4.1,5
Vũng Tàu,2026-09-14,4.4,0.5,3.9,9
Vũng Tàu,2026-09-15,4.2,0.6,3.6,13
Vũng Tàu,2026-09-16,3.9,0.8,3.1,19
Vũng Tàu,2026-09-17,3.7,0.9,2.8,21
Vũng Tàu,2026-09-18,3.5,1.0,2.5,25
Vũng Tàu,2026-09-19,3.5,1.0,2.5,25
Vũng Tàu,2026-09-20,3.5,1.0,2.5,25
Vũng Tàu,2026-09-21,3.7,0.9,2.8,21
Vũng Tàu,2026-09-22,4.0,0.8,3.2,17
Vũng Tàu,2026-09-23,4.2,0.7,3.5,14
Vũng Tàu,2026-09-24,4.4,0.6,3.8,11
Vũng Tàu,2026-09-25,4.6,0.5,4.1,5
Vũng Tàu,2026-09-26,4.8,0.4,4.4,1
Vũng Tàu,2026-09-27,4.7,0.4,4.3,2
Vũng Tàu,2026-09-28,4.6,0.5,4.1,5
Vũng Tàu,2026-09-29,4.4,0.6,3.8,11
Vũng Tàu,2026-09-30,4.1,0.7,3.4,15
Vũng Tàu,2026-10-01,3.8,0.8,3.0,19
Vũng Tàu,2026-10-02,3.6,0.9,2.7,24
Vũng Tàu,2026-10-03,3.5,1.0,2.5,27
Vũng Tàu,2026-10-04,3.5,1.0,2.5,27
Vũng Tàu,2026-10-05,3.5,1.0,2.5,27
Vũng Tàu,2026-10-06,3.8,0.9,2.9,22
Vũng Tàu,2026-10-07,4.0,0.8,3.2,17
Vũng Tàu,2026-10-08,4.2,0.6,3.6,13
Vũng Tàu,2026-10-09,4.5,0.5,4.0,9
Vũng Tàu,2026-10-10,4.6,0.4,4.2,6
Vũng Tàu,2026-10-11,4.7,0.4,4.3,1
Vũng Tàu,2026-10-12,4.7,0.4,4.3,1
Vũng Tàu,2026-10-13,4.6,0.5,4.1,7
Vũng Tàu,2026-10-14,4.3,0.5,3.8,11
Vũng Tàu,2026-10-15,4.1,0.7,3.4,15
Vũng Tàu,2026-10-16,3.8,0.9,2.9,22
Vũng Tàu,2026-10-17,3.6,0.9,2.7,24
Vũng Tàu,2026-10-18,3.5,1.0,2.5,27
Vũng Tàu,2026-10-19,3.5,1.0,2.5,27
Vũng Tàu,2026-10-20,3.6,1.0,2.6,26
Vũng Tàu,2026-10-21,3.8,0.8,3.0,19
Vũng Tàu,2026-10-22,4.0,0.8,3.2,17
Vũng Tàu,2026-10-23,4.3,0.6,3.7,12
Vũng Tàu,2026-10-24,4.6,0.5,4.1,7
Vũng Tàu,2026-10-25,4.7,0.4,4.3,1
Vũng Tàu,2026-10-26,4.7,0.4,4.3,1
Vũng Tàu,2026-10-27,4.7,0.4,4.3,1
Vũng Tàu,2026-10-28,4.5,0.5,4.0,9
Vũng Tàu,2026-10-29,4.2,0.6,3.6,13
Vũng Tàu,2026-10-30,4.0,0.7,3.3,16
Vũng Tàu,2026-10-31,3.8,0.8,3.0,19
Vũng Tàu,2026-11-01,3.5,1.0,2.5,25
Vũng Tàu,2026-11-02,3.5,1.0,2.5,25
Vũng Tàu,2026-11-03,3.5,1.0,2.5,25
Vũng Tàu,2026-11-04,3.6,0.9,2.7,23
Vũng Tàu,2026-11-05,3.8,0.8,3.0,19
Vũng Tàu,2026-11-06,4.1,0.7,3.4,15
Vũng Tàu,2026-11-07,4.4,0.6,3.8,10
Vũng Tàu,2026-11-08,4.6,0.5,4.1,8
Vũng Tàu,2026-11-09,4.7,0.4,4.3,2
Vũng Tàu,2026-11-10,4.7,0.4,4.3,2
Vũng Tàu,2026-11-11,4.6,0.4,4.2,5
Vũng Tàu,2026-11-12,4.4,0.6,3.8,10
Vũng Tàu,2026-11-13,4.2,0.7,3.5,13
Vũng Tàu,2026-11-14,3.9,0.7,3.2,17
Vũng Tàu,2026-11-15,3.7,0.9,2.8,21
Vũng Tàu,2026-11-16,3.5,1.0,2.5,25
Vũng Tàu,2026-11-17,3.5,1.0,2.5,25
Vũng Tàu,2026-11-18,3.5,1.0,2.5,25
Vũng Tàu,2026-11-19,3.7,0.9,2.8,21
Vũng Tàu,2026-11-20,3.9,0.8,3.1,18
Vũng Tàu,2026-11-21,4.2,0.7,3.5,13
Vũng Tàu,2026-11-22,4.4,0.5,3.9,9
Vũng Tàu,2026-11-23,4.6,0.4,4.2,5
Vũng Tàu,2026-11-24,4.7,0.4,4.3,2
Vũng Tàu,2026-11-25,4.8,0.4,4.4,1
Vũng Tàu,2026-11-26,4.6,0.4,4.2,5
Vũng Tàu,2026-11-27,4.4,0.6,3.8,10
Vũng Tàu,2026-11-28,4.1,0.7,3.4,15
Vũng Tàu,2026-11-29,3.8,0.8,3.0,19
Vũng Tàu,2026-11-30,3.6,0.9,2.7,23
Vũng Tàu,2026-12-01,3.5,1.0,2.5,26
Vũng Tàu,2026-12-02,3.5,1.0,2.5,26
Vũng Tàu,2026-12-03,3.5,1.0,2.5,26
Vũng Tàu,2026-12-04,3.7,0.9,2.8,21
Vũng Tàu,2026-12-05,4.0,0.8,3.2,17
Vũng Tàu,2026-12-06,4.3,0.6,3.7,11
Vũng Tàu,2026-12-07,4.5,0.5,4.0,9
Vũng Tàu,2026-12-08,4.7,0.4,4.3,3
Vũng Tàu,2026-12-09,4.8,0.4,4.4,1
Vũng Tàu,2026-12-10,4.7,0.4,4.3,3
Vũng Tàu,2026-12-11,4.6,0.5,4.1,7
Vũng Tàu,2026-12-12,4.3,0.6,3.7,11
Vũng Tàu,2026-12-13,4.1,0.7,3.4,15
Vũng Tàu,2026-12-14,3.8,0.8,3.0,19
Vũng Tàu,2026-12-15,3.6,1.0,2.6,24
Vũng Tàu,2026-12-16,3.5,1.0,2.5,26
Vũng Tàu,2026-12-17,3.5,1.0,2.5,26
Vũng Tàu,2026-12-18,3.6,0.9,2.7,23
Vũng Tàu,2026-12-19,3.7,0.9,2.8,21
Vũng Tàu,2026-12-20,4.0,0.7,3.3,16
Vũng Tàu,2026-12-21,4.3,0.6,3.7,11
Vũng Tàu,2026-12-22,4.6,0.5,4.1,7
Vũng Tàu,2026-12-23,4.7,0.4,4.3,3
Vũng Tàu,2026-12-24,4.8,0.4,4.4,1
Vũng Tàu,2026-12-25,4.7,0.4,4.3,3
Vũng Tàu,2026-12-26,4.5,0.5,4.0,9
Vũng Tàu,2026-12-27,4.3,0.6,3.7,11
Vũng Tàu,2026-12-28,4.0,0.8,3.2,17
Vũng Tàu,2026-12-29,3.8,0.9,2.9,20
Vũng Tàu,2026-12-30,3.6,1.0,2.6,24
Vũng Tàu,2026-12-31,3.5,1.0,2.5,26
Cần Giờ,2026-01-01,4.0,0.7,3.3,13
Cần Giờ,2026-01-02,4.2,0.6,3.6,8
Cần Giờ,2026-01-03,4.3,0.6,3.7,4
Cần Giờ,2026-01-04,4.4,0.5,3.9,1
Cần Giờ,2026-01-05,4.3,0.6,3.7,4
Cần Giờ,2026-01-06,4.1,0.7,3.4,11
Cần Giờ,2026-01-07,3.9,0.8,3.1,15
Cần Giờ,2026-01-08,3.7,0.9,2.8,19
Cần Giờ,2026-01-09,3.4,1.0,2.4,23
Cần Giờ,2026-01-10,3.3,1.1,2.2,26
Cần Giờ,2026-01-11,3.2,1.1,2.1,30
Cần Giờ,2026-01-12,3.3,1.1,2.2,26
Cần Giờ,2026-01-13,3.4,1.0,2.4,23
Cần Giờ,2026-01-14,3.6,0.9,2.7,20
Cần Giờ,2026-01-15,3.8,0.8,3.0,16
Cần Giờ,2026-01-16,4.1,0.6,3.5,9
Cần Giờ,2026-01-17,4.3,0.6,3.7,4
Cần Giờ,2026-01-18,4.3,0.5,3.8,3
Cần Giờ,2026-01-19,4.4,0.5,3.9,1
Cần Giờ,2026-01-20,4.3,0.6,3.7,4
Cần Giờ,2026-01-21,4.1,0.7,3.4,11
Cần Giờ,2026-01-22,3.8,0.8,3.0,16
Cần Giờ,2026-01-23,3.6,0.9,2.7,20
Cần Giờ,2026-01-24,3.4,1.0,2.4,23
Cần Giờ,2026-01-25,3.3,1.1,2.2,26
Cần Giờ,2026-01-26,3.2,1.1,2.1,30
Cần Giờ,2026-01-27,3.3,1.1,2.2,26
Cần Giờ,2026-01-28,3.5,1.0,2.5,22
Cần Giờ,2026-01-29,3.7,0.8,2.9,18
Cần Giờ,2026-01-30,4.0,0.7,3.3,13
Cần Giờ,2026-01-31,4.1,0.6,3.5,9
Cần Giờ,2026-02-01,4.3,0.6,3.7,6
Cần Giờ,2026-02-02,4.3,0.5,3.8,2
Cần Giờ,2026-02-03,4.3,0.5,3.8,2
Cần Giờ,2026-02-04,4.2,0.6,3.6,7
Cần Giờ,2026-02-05,4.0,0.7,3.3,10
Cần Giờ,2026-02-06,3.8,0.8,3.0,13
Cần Giờ,2026-02-07,3.5,0.9,2.6,18
Cần Giờ,2026-02-08,3.3,1.0,2.3,23
Cần Giờ,2026-02-09,3.3,1.1,2.2,25
Cần Giờ,2026-02-10,3.2,1.0,2.2,25
Cần Giờ,2026-02-11,3.4,1.0,2.4,21
Cần Giờ,2026-02-12,3.5,0.9,2.6,18
Cần Giờ,2026-02-13,3.7,0.8,2.9,15
Cần Giờ,2026-02-14,4.0,0.8,3.2,12
Cần Giờ,2026-02-15,4.2,0.6,3.6,7
Cần Giờ,2026-02-16,4.3,0.5,3.8,2
Cần Giờ,2026-02-17,4.4,0.5,3.9,1
Cần Giờ,2026-02-18,4.3,0.5,3.8,2
Cần Giờ,2026-02-19,4.1,0.6,3.5,9
Cần Giờ,2026-02-20,4.0,0.7,3.3,10
Cần Giờ,2026-02-21,3.7,0.8,2.9,15
Cần Giờ,2026-02-22,3.5,1.0,2.5,20
Cần Giờ,2026-02-23,3.3,1.0,2.3,23
Cần Giờ,2026-02-24,3.3,1.1,2.2,25
Cần Giờ,2026-02-25,3.3,1.1,2.2,25
Cần Giờ,2026-02-26,3.4,1.0,2.4,21
Cần Giờ,2026-02-27,3.6,0.9,2.7,17
Cần Giờ,2026-02-28,3.8,0.8,3.0,13
Cần Giờ,2026-03-01,4.0,0.7,3.3,13
Cần Giờ,2026-03-02,4.2,0.6,3.6,8
Cần Giờ,2026-03-03,4.4,0.5,3.9,1
Cần Giờ,2026-03-04,4.4,0.5,3.9,1
Cần Giờ,2026-03-05,4.3,0.6,3.7,6
Cần Giờ,2026-03-06,4.1,0.6,3.5,9
Cần Giờ,2026-03-07,3.9,0.7,3.2,14
Cần Giờ,2026-03-08,3.6,0.9,2.7,18
Cần Giờ,2026-03-09,3.4,1.0,2.4,23
Cần Giờ,2026-03-10,3.3,1.0,2.3,26
Cần Giờ,2026-03-11,3.2,1.1,2.1,30
Cần Giờ,2026-03-12,3.3,1.0,2.3,26
Cần Giờ,2026-03-13,3.4,1.0,2.4,23
Cần Giờ,2026-03-14,3.6,0.9,2.7,18
Cần Giờ,2026-03-15,3.9,0.8,3.1,15
Cần Giờ,2026-03-16,4.1,0.7,3.4,12
Cần Giờ,2026-03-17,4.3,0.6,3.7,6
Cần Giờ,2026-03-18,4.3,0.5,3.8,3
Cần Giờ,2026-03-19,4.4,0.6,3.8,3
Cần Giờ,2026-03-20,4.3,0.5,3.8,3
Cần Giờ,2026-03-21,4.1,0.6,3.5,9
Cần Giờ,2026-03-22,3.9,0.8,3.1,15
Cần Giờ,2026-03-23,3.6,0.9,2.7,18
Cần Giờ,2026-03-24,3.4,1.0,2.4,23
Cần Giờ,2026-03-25,3.3,1.0,2.3,26
Cần Giờ,2026-03-26,3.2,1.1,2.1,30
Cần Giờ,2026-03-27,3.3,1.0,2.3,26
Cần Giờ,2026-03-28,3.5,1.0,2.5,22
Cần Giờ,2026-03-29,3.6,0.9,2.7,18
Cần Giờ,2026-03-30,3.9,0.8,3.1,15
Cần Giờ,2026-03-31,4.1,0.6,3.5,9
Cần Giờ,2026-04-01,4.3,0.6,3.7,4
Cần Giờ,2026-04-02,4.4,0.5,3.9,1
Cần Giờ,2026-04-03,4.3,0.6,3.7,4
Cần Giờ,2026-04-04,4.2,0.6,3.6,7
Cần Giờ,2026-04-05,4.0,0.7,3.3,11
Cần Giờ,2026-04-06,3.8,0.8,3.0,15
Cần Giờ,2026-04-07,3.5,0.9,2.6,19
Cần Giờ,2026-04-08,3.4,1.1,2.3,24
Cần Giờ,2026-04-09,3.2,1.1,2.1,28
Cần Giờ,2026-04-10,3.2,1.1,2.1,28
Cần Giờ,2026-04-11,3.4,1.1,2.3,24
Cần Giờ,2026-04-12,3.5,0.9,2.6,19
Cần Giờ,2026-04-13,3.8,0.8,3.0,15
Cần Giờ,2026-04-14,3.9,0.7,3.2,14
Cần Giờ,2026-04-15,4.2,0.6,3.6,7
Cần Giờ,2026-04-16,4.3,0.5,3.8,2
Cần Giờ,2026-04-17,4.3,0.5,3.8,2
Cần Giờ,2026-04-18,4.3,0.6,3.7,4
Cần Giờ,2026-04-19,4.1,0.6,3.5,10
Cần Giờ,2026-04-20,4.0,0.7,3.3,11
Cần Giờ,2026-04-21,3.8,0.8,3.0,15
Cần Giờ,2026-04-22,3.5,1.0,2.5,22
Cần Giờ,2026-04-23,3.3,1.0,2.3,24
Cần Giờ,2026-04-24,3.2,1.1,2.1,28
Cần Giờ,2026-04-25,3.3,1.1,2.2,27
Cần Giờ,2026-04-26,3.4,1.0,2.4,23
Cần Giờ,2026-04-27,3.5,0.9,2.6,19
Cần Giờ,2026-04-28,3.8,0.8,3.0,15
Cần Giờ,2026-04-29,4.0,0.7,3.3,11
Cần Giờ,2026-04-30,4.2,0.6,3.6,7
Cần Giờ,2026-05-01,4.3,0.6,3.7,5
Cần Giờ,2026-05-02,4.4,0.5,3.9,1
Cần Giờ,2026-05-03,4.3,0.6,3.7,5
Cần Giờ,2026-05-04,4.2,0.6,3.6,9
Cần Giờ,2026-05-05,3.9,0.8,3.1,15
Cần Giờ,2026-05-06,3.7,0.8,2.9,18
Cần Giờ,2026-05-07,3.5,0.9,2.6,22
Cần Giờ,2026-05-08,3.3,1.1,2.2,27
Cần Giờ,2026-05-09,3.2,1.1,2.1,29
Cần Giờ,2026-05-10,3.3,1.1,2.2,27
Cần Giờ,2026-05-11,3.4,1.0,2.4,23
Cần Giờ,2026-05-12,3.6,0.9,2.7,20
Cần Giờ,2026-05-13,3.9,0.8,3.1,15
Cần Giờ,2026-05-14,4.1,0.7,3.4,13
Cần Giờ,2026-05-15,4.2,0.6,3.6,9
Cần Giờ,2026-05-16,4.4,0.5,3.9,1
Cần Giờ,2026-05-17,4.3,0.5,3.8,4
Cần Giờ,2026-05-18,4.3,0.6,3.7,5
Cần Giờ,2026-05-19,4.1,0.6,3.5,11
Cần Giờ,2026-05-20,3.9,0.8,3.1,15
Cần Giờ,2026-05-21,3.6,0.8,2.8,19
Cần Giờ,2026-05-22,3.4,1.0,2.4,23
Cần Giờ,2026-05-23,3.2,1.1,2.1,29
Cần Giờ,2026-05-24,3.2,1.1,2.1,29
Cần Giờ,2026-05-25,3.3,1.0,2.3,26
Cần Giờ,2026-05-26,3.4,1.0,2.4,23
Cần Giờ,2026-05-27,3.6,0.9,2.7,20
Cần Giờ,2026-05-28,3.9,0.7,3.2,14
Cần Giờ,2026-05-29,4.2,0.7,3.5,11
Cần Giờ,2026-05-30,4.3,0.6,3.7,5
Cần Giờ,2026-05-31,4.4,0.5,3.9,1
Cần Giờ,2026-06-01,4.4,0.5,3.9,1
Cần Giờ,2026-06-02,4.2,0.6,3.6,7
Cần Giờ,2026-06-03,4.1,0.7,3.4,10
Cần Giờ,2026-06-04,3.8,0.8,3.0,15
Cần Giờ,2026-06-05,3.5,0.9,2.6,19
Cần Giờ,2026-06-06,3.4,1.0,2.4,23
Cần Giờ,2026-06-07,3.3,1.1,2.2,27
Cần Giờ,2026-06-08,3.2,1.1,2.1,29
Cần Giờ,2026-06-09,3.4,1.0,2.4,23
Cần Giờ,2026-06-10,3.5,0.9,2.6,19
Cần Giờ,2026-06-11,3.7,0.9,2.8,18
Cần Giờ,2026-06-12,4.0,0.7,3.3,12
Cần Giờ,2026-06-13,4.1,0.7,3.4,10
Cần Giờ,2026-06-14,4.3,0.6,3.7,5
Cần Giờ,2026-06-15,4.3,0.5,3.8,3
Cần Giờ,2026-06-16,4.3,0.6,3.7,5
Cần Giờ,2026-06-17,4.2,0.6,3.6,7
Cần Giờ,2026-06-18,4.0,0.7,3.3,12
Cần Giờ,2026-06-19,3.7,0.8,2.9,17
Cần Giờ,2026-06-20,3.5,0.9,2.6,19
Cần Giờ,2026-06-21,3.3,1.0,2.3,26
Cần Giờ,2026-06-22,3.2,1.1,2.1,29
Cần Giờ,2026-06-23,3.2,1.0,2.2,27
Cần Giờ,2026-06-24,3.4,1.0,2.4,23
Cần Giờ,2026-06-25,3.5,0.9,2.6,19
Cần Giờ,2026-06-26,3.8,0.8,3.0,15
Cần Giờ,2026-06-27,4.0,0.7,3.3,12
Cần Giờ,2026-06-28,4.2,0.6,3.6,7
Cần Giờ,2026-06-29,4.3,0.5,3.8,3
Cần Giờ,2026-06-30,4.4,0.5,3.9,1
Cần Giờ,2026-07-01,4.3,0.6,3.7,6
Cần Giờ,2026-07-02,4.1,0.6,3.5,10
Cần Giờ,2026-07-03,3.9,0.7,3.2,14
Cần Giờ,2026-07-04,3.7,0.9,2.8,19
Cần Giờ,2026-07-05,3.4,0.9,2.5,22
Cần Giờ,2026-07-06,3.3,1.0,2.3,26
Cần Giờ,2026-07-07,3.2,1.1,2.1,31
Cần Giờ,2026-07-08,3.2,1.0,2.2,29
Cần Giờ,2026-07-09,3.4,0.9,2.5,22
Cần Giờ,2026-07-10,3.6,0.9,2.7,20
Cần Giờ,2026-07-11,3.8,0.8,3.0,17
Cần Giờ,2026-07-12,4.0,0.7,3.3,13
Cần Giờ,2026-07-13,4.2,0.6,3.6,8
Cần Giờ,2026-07-14,4.3,0.5,3.8,2
Cần Giờ,2026-07-15,4.4,0.6,3.8,2
Cần Giờ,2026-07-16,4.3,0.5,3.8,2
Cần Giờ,2026-07-17,4.0,0.6,3.4,12
Cần Giờ,2026-07-18,3.9,0.7,3.2,14
Cần Giờ,2026-07-19,3.6,0.9,2.7,20
Cần Giờ,2026-07-20,3.4,1.0,2.4,24
Cần Giờ,2026-07-21,3.3,1.0,2.3,26
Cần Giờ,2026-07-22,3.3,1.1,2.2,29
Cần Giờ,2026-07-23,3.3,1.0,2.3,26
Cần Giờ,2026-07-24,3.4,1.0,2.4,24
Cần Giờ,2026-07-25,3.7,0.8,2.9,18
Cần Giờ,2026-07-26,3.9,0.8,3.1,16
Cần Giờ,2026-07-27,4.2,0.7,3.5,10
Cần Giờ,2026-07-28,4.3,0.5,3.8,2
Cần Giờ,2026-07-29,4.4,0.5,3.9,1
Cần Giờ,2026-07-30,4.3,0.6,3.7,6
Cần Giờ,2026-07-31,4.2,0.6,3.6,8
Cần Giờ,2026-08-01,4.0,0.7,3.3,11
Cần Giờ,2026-08-02,3.8,0.8,3.0,16
Cần Giờ,2026-08-03,3.6,0.9,2.7,20
Cần Giờ,2026-08-04,3.4,1.0,2.4,24
Cần Giờ,2026-08-05,3.2,1.1,2.1,29
Cần Giờ,2026-08-06,3.2,1.1,2.1,29
Cần Giờ,2026-08-07,3.3,1.0,2.3,25
Cần Giờ,2026-08-08,3.5,1.0,2.5,23
Cần Giờ,2026-08-09,3.7,0.8,2.9,19
Cần Giờ,2026-08-10,3.9,0.7,3.2,14
Cần Giờ,2026-08-11,4.2,0.6,3.6,7
Cần Giờ,2026-08-12,4.3,0.5,3.8,3
Cần Giờ,2026-08-13,4.4,0.5,3.9,1
Cần Giờ,2026-08-14,4.3,0.6,3.7,4
Cần Giờ,2026-08-15,4.2,0.6,3.6,7
Cần Giờ,2026-08-16,4.0,0.7,3.3,11
Cần Giờ,2026-08-17,3.8,0.8,3.0,16
Cần Giờ,2026-08-18,3.5,0.9,2.6,21
Cần Giờ,2026-08-19,3.3,1.0,2.3,25
Cần Giờ,2026-08-20,3.2,1.1,2.1,29
Cần Giờ,2026-08-21,3.3,1.1,2.2,28
Cần Giờ,2026-08-22,3.3,1.0,2.3,25
Cần Giờ,2026-08-23,3.5,0.9,2.6,21
Cần Giờ,2026-08-24,3.8,0.8,3.0,16
Cần Giờ,2026-08-25,4.0,0.7,3.3,11
Cần Giờ,2026-08-26,4.2,0.6,3.6,7
Cần Giờ,2026-08-27,4.3,0.6,3.7,4
Cần Giờ,2026-08-28,4.4,0.5,3.9,1
Cần Giờ,2026-08-29,4.3,0.6,3.7,4
Cần Giờ,2026-08-30,4.2,0.6,3.6,7
Cần Giờ,2026-08-31,3.9,0.7,3.2,14
Cần Giờ,2026-09-01,3.7,0.9,2.8,17
Cần Giờ,2026-09-02,3.5,0.9,2.6,21
Cần Giờ,2026-09-03,3.3,1.0,2.3,25
Cần Giờ,2026-09-04,3.2,1.1,2.1,27
Cần Giờ,2026-09-05,3.3,1.1,2.2,26
Cần Giờ,2026-09-06,3.4,1.0,2.4,22
Cần Giờ,2026-09-07,3.6,0.9,2.7,18
Cần Giờ,2026-09-08,3.8,0.8,3.0,15
Cần Giờ,2026-09-09,4.1,0.7,3.4,10
Cần Giờ,2026-09-10,4.3,0.6,3.7,4
Cần Giờ,2026-09-11,4.3,0.5,3.8,2
Cần Giờ,2026-09-12,4.3,0.5,3.8,2
Cần Giờ,2026-09-13,4.3,0.6,3.7,4
Cần Giờ,2026-09-14,4.1,0.7,3.4,10
Cần Giờ,2026-09-15,3.9,0.7,3.2,13
Cần Giờ,2026-09-16,3.6,0.9,2.7,18
Cần Giờ,2026-09-17,3.4,1.0,2.4,22
Cần Giờ,2026-09-18,3.2,1.1,2.1,27
Cần Giờ,2026-09-19,3.2,1.1,2.1,27
Cần Giờ,2026-09-20,3.2,1.1,2.1,27
Cần Giờ,2026-09-21,3.4,1.0,2.4,22
Cần Giờ,2026-09-22,3.6,0.9,2.7,18
Cần Giờ,2026-09-23,3.9,0.8,3.1,14
Cần Giờ,2026-09-24,4.1,0.6,3.5,9
Cần Giờ,2026-09-25,4.2,0.6,3.6,7
Cần Giờ,2026-09-26,4.4,0.5,3.9,1
Cần Giờ,2026-09-27,4.3,0.6,3.7,4
Cần Giờ,2026-09-28,4.2,0.6,3.6,7
Cần Giờ,2026-09-29,4.1,0.7,3.4,10
Cần Giờ,2026-09-30,3.8,0.8,3.0,15
Cần Giờ,2026-10-01,3.6,0.9,2.7,19
Cần Giờ,2026-10-02,3.4,1.0,2.4,24
Cần Giờ,2026-10-03,3.3,1.1,2.2,27
Cần Giờ,2026-10-04,3.2,1.1,2.1,30
Cần Giờ,2026-10-05,3.3,1.1,2.2,27
Cần Giờ,2026-10-06,3.5,0.9,2.6,20
Cần Giờ,2026-10-07,3.7,0.8,2.9,15
Cần Giờ,2026-10-08,3.9,0.7,3.2,13
Cần Giờ,2026-10-09,4.1,0.6,3.5,9
Cần Giờ,2026-10-10,4.3,0.6,3.7,3
Cần Giờ,2026-10-11,4.4,0.5,3.9,1
Cần Giờ,2026-10-12,4.3,0.6,3.7,3
Cần Giờ,2026-10-13,4.2,0.6,3.6,7
Cần Giờ,2026-10-14,4.0,0.7,3.3,11
Cần Giờ,2026-10-15,3.7,0.8,2.9,15
Cần Giờ,2026-10-16,3.5,0.9,2.6,20
Cần Giờ,2026-10-17,3.3,1.0,2.3,25
Cần Giờ,2026-10-18,3.2,1.1,2.1,30
Cần Giờ,2026-10-19,3.3,1.1,2.2,27
Cần Giờ,2026-10-20,3.3,1.0,2.3,25
Cần Giờ,2026-10-21,3.5,0.9,2.6,20
Cần Giờ,2026-10-22,3.7,0.8,2.9,15
Cần Giờ,2026-10-23,4.0,0.7,3.3,11
Cần Giờ,2026-10-24,4.2,0.6,3.6,7
Cần Giờ,2026-10-25,4.3,0.6,3.7,3
Cần Giờ,2026-10-26,4.4,0.5,3.9,1
Cần Giờ,2026-10-27,4.3,0.6,3.7,3
Cần Giờ,2026-10-28,4.2,0.7,3.5,9
Cần Giờ,2026-10-29,3.9,0.7,3.2,13
Cần Giờ,2026-10-30,3.7,0.9,2.8,18
Cần Giờ,2026-10-31,3.5,1.0,2.5,23
Cần Giờ,2026-11-01,3.3,1.0,2.3,25
Cần Giờ,2026-11-02,3.3,1.0,2.3,25
Cần Giờ,2026-11-03,3.3,1.1,2.2,27
Cần Giờ,2026-11-04,3.4,1.0,2.4,21
Cần Giờ,2026-11-05,3.6,0.9,2.7,18
Cần Giờ,2026-11-06,3.8,0.8,3.0,16
Cần Giờ,2026-11-07,4.0,0.7,3.3,11
Cần Giờ,2026-11-08,4.2,0.6,3.6,7
Cần Giờ,2026-11-09,4.3,0.5,3.8,2
Cần Giờ,2026-11-10,4.4,0.5,3.9,1
Cần Giờ,2026-11-11,4.3,0.6,3.7,5
Cần Giờ,2026-11-12,4.1,0.7,3.4,9
Cần Giờ,2026-11-13,3.9,0.8,3.1,13
Cần Giờ,2026-11-14,3.7,0.9,2.8,17
Cần Giờ,2026-11-15,3.4,1.0,2.4,21
Cần Giờ,2026-11-16,3.3,1.1,2.2,27
Cần Giờ,2026-11-17,3.2,1.1,2.1,30
Cần Giờ,2026-11-18,3.3,1.1,2.2,27
Cần Giờ,2026-11-19,3.4,1.0,2.4,21
Cần Giờ,2026-11-20,3.6,0.9,2.7,18
Cần Giờ,2026-11-21,3.9,0.8,3.1,13
Cần Giờ,2026-11-22,4.1,0.7,3.4,9
Cần Giờ,2026-11-23,4.3,0.6,3.7,5
Cần Giờ,2026-11-24,4.4,0.6,3.8,2
Cần Giờ,2026-11-25,4.3,0.5,3.8,2
Cần Giờ,2026-11-26,4.2,0.6,3.6,7
Cần Giờ,2026-11-27,4.0,0.7,3.3,11
Cần Giờ,2026-11-28,3.8,0.7,3.1,13
Cần Giờ,2026-11-29,3.6,0.9,2.7,18
Cần Giờ,2026-11-30,3.4,1.0,2.4,21
Cần Giờ,2026-12-01,3.2,1.1,2.1,29
Cần Giờ,2026-12-02,3.3,1.1,2.2,27
Cần Giờ,2026-12-03,3.3,1.1,2.2,27
Cần Giờ,2026-12-04,3.4,0.9,2.5,21
Cần Giờ,2026-12-05,3.7,0.8,2.9,17
Cần Giờ,2026-12-06,4.0,0.7,3.3,11
Cần Giờ,2026-12-07,4.1,0.6,3.5,10
Cần Giờ,2026-12-08,4.3,0.6,3.7,4
Cần Giờ,2026-12-09,4.3,0.5,3.8,2
Cần Giờ,2026-12-10,4.3,0.6,3.7,4
Cần Giờ,2026-12-11,4.2,0.6,3.6,7
Cần Giờ,2026-12-12,4.0,0.7,3.3,11
Cần Giờ,2026-12-13,3.8,0.8,3.0,15
Cần Giờ,2026-12-14,3.6,0.9,2.7,19
Cần Giờ,2026-12-15,3.3,1.0,2.3,23
Cần Giờ,2026-12-16,3.3,1.0,2.3,23
Cần Giờ,2026-12-17,3.2,1.1,2.1,29
Cần Giờ,2026-12-18,3.3,1.0,2.3,23
Cần Giờ,2026-12-19,3.5,0.9,2.6,20
Cần Giờ,2026-12-20,3.8,0.8,3.0,15
Cần Giờ,2026-12-21,4.0,0.7,3.3,11
Cần Giờ,2026-12-22,4.2,0.6,3.6,7
Cần Giờ,2026-12-23,4.3,0.6,3.7,4
Cần Giờ,2026-12-24,4.4,0.5,3.9,1
Cần Giờ,2026-12-25,4.3,0.5,3.8,2
Cần Giờ,2026-12-26,4.2,0.6,3.6,7
Cần Giờ,2026-12-27,3.9,0.7,3.2,14
Cần Giờ,2026-12-28,3.7,0.8,2.9,17
Cần Giờ,2026-12-29,3.5,1.0,2.5,21
Cần Giờ,2026-12-30,3.3,1.0,2.3,23
Cần Giờ,2026-12-31,3.2,1.1,2.1,29
Sài Gòn,2026-01-01,3.8,0.8,3.0,12
Sài Gòn,2026-01-02,4.0,0.7,3.3,5
Sài Gòn,2026-01-03,4.1,0.7,3.4,1
Sài Gòn,2026-01-04,4.1,0.7,3.4,1
Sài Gòn,2026-01-05,4.0,0.7,3.3,5
Sài Gòn,2026-01-06,3.9,0.8,3.1,9
Sài Gòn,2026-01-07,3.7,0.9,2.8,14
Sài Gòn,2026-01-08,3.5,0.9,2.6,18
Sài Gòn,2026-01-09,3.2,1.0,2.2,23
Sài Gòn,2026-01-10,3.1,1.1,2.0,26
Sài Gòn,2026-01-11,3.1,1.2,1.9,30
Sài Gòn,2026-01-12,3.1,1.1,2.0,26
Sài Gòn,2026-01-13,3.2,1.1,2.1,24
Sài Gòn,2026-01-14,3.5,0.9,2.6,18
Sài Gòn,2026-01-15,3.6,0.9,2.7,16
Sài Gòn,2026-01-16,3.9,0.8,3.1,9
Sài Gòn,2026-01-17,4.0,0.7,3.3,5
Sài Gòn,2026-01-18,4.1,0.7,3.4,1
Sài Gòn,2026-01-19,4.1,0.7,3.4,1
Sài Gòn,2026-01-20,4.0,0.8,3.2,8
Sài Gòn,2026-01-21,3.8,0.8,3.0,12
Sài Gòn,2026-01-22,3.6,0.9,2.7,16
Sài Gòn,2026-01-23,3.4,1.0,2.4,21
Sài Gòn,2026-01-24,3.2,1.1,2.1,24
Sài Gòn,2026-01-25,3.1,1.2,1.9,30
Sài Gòn,2026-01-26,3.1,1.1,2.0,26
Sài Gòn,2026-01-27,3.1,1.1,2.0,26
Sài Gòn,2026-01-28,3.3,1.0,2.3,22
Sài Gòn,2026-01-29,3.5,0.9,2.6,18
Sài Gòn,2026-01-30,3.7,0.9,2.8,14
Sài Gòn,2026-01-31,3.9,0.8,3.1,9
Sài Gòn,2026-02-01,4.1,0.7,3.4,3
Sài Gòn,2026-02-02,4.1,0.6,3.5,2
Sài Gòn,2026-02-03,4.1,0.7,3.4,3
Sài Gòn,2026-02-04,4.0,0.7,3.3,6
Sài Gòn,2026-02-05,3.8,0.8,3.0,10
Sài Gòn,2026-02-06,3.6,0.9,2.7,13
Sài Gòn,2026-02-07,3.3,1.0,2.3,19
Sài Gòn,2026-02-08,3.2,1.1,2.1,21
Sài Gòn,2026-02-09,3.1,1.1,2.0,25
Sài Gòn,2026-02-10,3.1,1.2,1.9,27
Sài Gòn,2026-02-11,3.2,1.1,2.1,21
Sài Gòn,2026-02-12,3.4,1.0,2.4,17
Sài Gòn,2026-02-13,3.5,0.9,2.6,15
Sài Gòn,2026-02-14,3.7,0.9,2.8,12
Sài Gòn,2026-02-15,3.9,0.7,3.2,8
Sài Gòn,2026-02-16,4.1,0.7,3.4,3
Sài Gòn,2026-02-17,4.2,0.6,3.6,1
Sài Gòn,2026-02-18,4.0,0.7,3.3,6
Sài Gòn,2026-02-19,3.9,0.8,3.1,9
Sài Gòn,2026-02-20,3.7,0.8,2.9,11
Sài Gòn,2026-02-21,3.5,1.0,2.5,16
Sài Gòn,2026-02-22,3.3,1.0,2.3,19
Sài Gòn,2026-02-23,3.2,1.1,2.1,21
Sài Gòn,2026-02-24,3.1,1.1,2.0,25
Sài Gòn,2026-02-25,3.1,1.2,1.9,27
Sài Gòn,2026-02-26,3.2,1.1,2.1,21
Sài Gòn,2026-02-27,3.4,1.0,2.4,17
Sài Gòn,2026-02-28,3.6,0.9,2.7,13
Sài Gòn,2026-03-01,3.8,0.8,3.0,10
Sài Gòn,2026-03-02,4.0,0.7,3.3,5
Sài Gòn,2026-03-03,4.1,0.7,3.4,2
Sài Gòn,2026-03-04,4.1,0.7,3.4,2
Sài Gòn,2026-03-05,4.0,0.7,3.3,5
Sài Gòn,2026-03-06,3.9,0.8,3.1,9
Sài Gòn,2026-03-07,3.7,0.9,2.8,15
Sài Gòn,2026-03-08,3.5,1.0,2.5,18
Sài Gòn,2026-03-09,3.3,1.1,2.2,22
Sài Gòn,2026-03-10,3.1,1.1,2.0,26
Sài Gòn,2026-03-11,3.1,1.2,1.9,30
Sài Gòn,2026-03-12,3.1,1.1,2.0,26
Sài Gòn,2026-03-13,3.3,1.1,2.2,22
Sài Gòn,2026-03-14,3.4,1.0,2.4,20
Sài Gòn,2026-03-15,3.7,0.9,2.8,15
Sài Gòn,2026-03-16,3.8,0.8,3.0,10
Sài Gòn,2026-03-17,4.0,0.7,3.3,5
Sài Gòn,2026-03-18,4.1,0.6,3.5,1
Sài Gòn,2026-03-19,4.1,0.7,3.4,2
Sài Gòn,2026-03-20,4.0,0.7,3.3,5
Sài Gòn,2026-03-21,3.8,0.8,3.0,10
Sài Gòn,2026-03-22,3.6,0.9,2.7,17
Sài Gòn,2026-03-23,3.4,1.0,2.4,20
Sài Gòn,2026-03-24,3.2,1.1,2.1,25
Sài Gòn,2026-03-25,3.1,1.1,2.0,26
Sài Gòn,2026-03-26,3.1,1.2,1.9,30
Sài Gòn,2026-03-27,3.1,1.1,2.0,26
Sài Gòn,2026-03-28,3.2,1.0,2.2,22
Sài Gòn,2026-03-29,3.5,1.0,2.5,18
Sài Gòn,2026-03-30,3.7,0.8,2.9,14
Sài Gòn,2026-03-31,3.8,0.8,3.0,10
Sài Gòn,2026-04-01,4.0,0.7,3.3,6
Sài Gòn,2026-04-02,4.1,0.7,3.4,3
Sài Gòn,2026-04-03,4.1,0.7,3.4,3
Sài Gòn,2026-04-04,4.0,0.7,3.3,6
Sài Gòn,2026-04-05,3.8,0.8,3.0,11
Sài Gòn,2026-04-06,3.6,0.9,2.7,15
Sài Gòn,2026-04-07,3.4,1.0,2.4,19
Sài Gòn,2026-04-08,3.2,1.1,2.1,23
Sài Gòn,2026-04-09,3.1,1.1,2.0,26
Sài Gòn,2026-04-10,3.1,1.1,2.0,26
Sài Gòn,2026-04-11,3.1,1.1,2.0,26
Sài Gòn,2026-04-12,3.3,1.0,2.3,21
Sài Gòn,2026-04-13,3.5,0.9,2.6,18
Sài Gòn,2026-04-14,3.8,0.8,3.0,11
Sài Gòn,2026-04-15,4.0,0.8,3.2,10
Sài Gòn,2026-04-16,4.1,0.6,3.5,1
Sài Gòn,2026-04-17,4.1,0.6,3.5,1
Sài Gòn,2026-04-18,4.1,0.7,3.4,3
Sài Gòn,2026-04-19,4.0,0.7,3.3,6
Sài Gòn,2026-04-20,3.8,0.8,3.0,11
Sài Gòn,2026-04-21,3.6,0.9,2.7,15
Sài Gòn,2026-04-22,3.3,1.0,2.3,21
Sài Gòn,2026-04-23,3.2,1.1,2.1,23
Sài Gòn,2026-04-24,3.1,1.1,2.0,26
Sài Gòn,2026-04-25,3.1,1.1,2.0,26
Sài Gòn,2026-04-26,3.2,1.1,2.1,23
Sài Gòn,2026-04-27,3.4,1.0,2.4,19
Sài Gòn,2026-04-28,3.6,0.9,2.7,15
Sài Gòn,2026-04-29,3.8,0.8,3.0,11
Sài Gòn,2026-04-30,4.0,0.7,3.3,6
Sài Gòn,2026-05-01,4.1,0.7,3.4,3
Sài Gòn,2026-05-02,4.1,0.7,3.4,3
Sài Gòn,2026-05-03,4.0,0.7,3.3,6
Sài Gòn,2026-05-04,3.9,0.8,3.1,11
Sài Gòn,2026-05-05,3.7,0.8,2.9,14
Sài Gòn,2026-05-06,3.5,1.0,2.5,18
Sài Gòn,2026-05-07,3.3,1.0,2.3,22
Sài Gòn,2026-05-08,3.1,1.1,2.0,27
Sài Gòn,2026-05-09,3.1,1.1,2.0,27
Sài Gòn,2026-05-10,3.1,1.2,1.9,30
Sài Gòn,2026-05-11,3.2,1.1,2.1,24
Sài Gòn,2026-05-12,3.4,1.0,2.4,21
Sài Gòn,2026-05-13,3.7,0.9,2.8,15
Sài Gòn,2026-05-14,3.9,0.8,3.1,11
Sài Gòn,2026-05-15,4.0,0.7,3.3,6
Sài Gòn,2026-05-16,4.2,0.7,3.5,1
Sài Gòn,2026-05-17,4.1,0.7,3.4,3
Sài Gòn,2026-05-18,4.0,0.7,3.3,6
Sài Gòn,2026-05-19,3.9,0.8,3.1,11
Sài Gòn,2026-05-20,3.6,0.9,2.7,17
Sài Gòn,2026-05-21,3.5,1.0,2.5,18
Sài Gòn,2026-05-22,3.2,1.1,2.1,24
Sài Gòn,2026-05-23,3.2,1.1,2.1,24
Sài Gòn,2026-05-24,3.0,1.1,1.9,30
Sài Gòn,2026-05-25,3.1,1.1,2.0,27
Sài Gòn,2026-05-26,3.3,1.1,2.2,23
Sài Gòn,2026-05-27,3.5,1.0,2.5,18
Sài Gòn,2026-05-28,3.7,0.9,2.8,15
Sài Gòn,2026-05-29,3.9,0.7,3.2,10
Sài Gòn,2026-05-30,4.0,0.7,3.3,6
Sài Gòn,2026-05-31,4.1,0.6,3.5,1
Sài Gòn,2026-06-01,4.1,0.7,3.4,1
Sài Gòn,2026-06-02,4.0,0.7,3.3,6
Sài Gòn,2026-06-03,3.8,0.8,3.0,11
Sài Gòn,2026-06-04,3.6,0.9,2.7,15
Sài Gòn,2026-06-05,3.4,1.0,2.4,19
Sài Gòn,2026-06-06,3.2,1.1,2.1,23
Sài Gòn,2026-06-07,3.1,1.2,1.9,29
Sài Gòn,2026-06-08,3.1,1.1,2.0,27
Sài Gòn,2026-06-09,3.2,1.1,2.1,23
Sài Gòn,2026-06-10,3.3,1.0,2.3,22
Sài Gòn,2026-06-11,3.5,0.9,2.6,17
Sài Gòn,2026-06-12,3.7,0.8,2.9,12
Sài Gòn,2026-06-13,4.0,0.8,3.2,9
Sài Gòn,2026-06-14,4.1,0.7,3.4,1
Sài Gòn,2026-06-15,4.1,0.7,3.4,1
Sài Gòn,2026-06-16,4.0,0.7,3.3,6
Sài Gòn,2026-06-17,3.9,0.7,3.2,9
Sài Gòn,2026-06-18,3.7,0.8,2.9,12
Sài Gòn,2026-06-19,3.5,0.9,2.6,17
Sài Gòn,2026-06-20,3.4,1.0,2.4,19
Sài Gòn,2026-06-21,3.2,1.1,2.1,23
Sài Gòn,2026-06-22,3.1,1.1,2.0,27
Sài Gòn,2026-06-23,3.1,1.2,1.9,29
Sài Gòn,2026-06-24,3.2,1.1,2.1,23
Sài Gòn,2026-06-25,3.4,1.0,2.4,19
Sài Gòn,2026-06-26,3.6,0.9,2.7,15
Sài Gòn,2026-06-27,3.8,0.9,2.9,12
Sài Gòn,2026-06-28,4.0,0.7,3.3,6
Sài Gòn,2026-06-29,4.1,0.7,3.4,1
Sài Gòn,2026-06-30,4.1,0.7,3.4,1
Sài Gòn,2026-07-01,4.0,0.7,3.3,5
Sài Gòn,2026-07-02,3.9,0.7,3.2,10
Sài Gòn,2026-07-03,3.7,0.8,2.9,14
Sài Gòn,2026-07-04,3.5,1.0,2.5,18
Sài Gòn,2026-07-05,3.3,1.1,2.2,22
Sài Gòn,2026-07-06,3.2,1.1,2.1,24
Sài Gòn,2026-07-07,3.1,1.1,2.0,28
Sài Gòn,2026-07-08,3.1,1.1,2.0,28
Sài Gòn,2026-07-09,3.2,1.1,2.1,24
Sài Gòn,2026-07-10,3.4,1.0,2.4,20
Sài Gòn,2026-07-11,3.6,0.9,2.7,17
Sài Gòn,2026-07-12,3.8,0.8,3.0,12
Sài Gòn,2026-07-13,4.0,0.7,3.3,5
Sài Gòn,2026-07-14,4.1,0.6,3.5,1
Sài Gòn,2026-07-15,4.1,0.7,3.4,3
Sài Gòn,2026-07-16,4.0,0.7,3.3,5
Sài Gòn,2026-07-17,3.8,0.8,3.0,12
Sài Gòn,2026-07-18,3.6,0.8,2.8,15
Sài Gòn,2026-07-19,3.4,1.0,2.4,20
Sài Gòn,2026-07-20,3.2,1.1,2.1,24
Sài Gòn,2026-07-21,3.1,1.1,2.0,28
Sài Gòn,2026-07-22,3.1,1.1,2.0,28
Sài Gòn,2026-07-23,3.2,1.1,2.1,24
Sài Gòn,2026-07-24,3.3,1.1,2.2,22
Sài Gòn,2026-07-25,3.5,1.0,2.5,18
Sài Gòn,2026-07-26,3.7,0.9,2.8,15
Sài Gòn,2026-07-27,3.9,0.8,3.1,11
Sài Gòn,2026-07-28,4.0,0.7,3.3,5
Sài Gòn,2026-07-29,4.1,0.7,3.4,3
Sài Gòn,2026-07-30,4.1,0.6,3.5,1
Sài Gòn,2026-07-31,4.0,0.7,3.3,5
Sài Gòn,2026-08-01,3.8,0.8,3.0,11
Sài Gòn,2026-08-02,3.6,0.9,2.7,16
Sài Gòn,2026-08-03,3.4,1.0,2.4,20
Sài Gòn,2026-08-04,3.2,1.1,2.1,24
Sài Gòn,2026-08-05,3.1,1.1,2.0,28
Sài Gòn,2026-08-06,3.1,1.1,2.0,28
Sài Gòn,2026-08-07,3.2,1.1,2.1,24
Sài Gòn,2026-08-08,3.3,1.1,2.2,23
Sài Gòn,2026-08-09,3.5,0.9,2.6,18
Sài Gòn,2026-08-10,3.7,0.9,2.8,15
Sài Gòn,2026-08-11,3.9,0.8,3.1,9
Sài Gòn,2026-08-12,4.0,0.7,3.3,6
Sài Gòn,2026-08-13,4.1,0.6,3.5,1
Sài Gòn,2026-08-14,4.1,0.7,3.4,3
Sài Gòn,2026-08-15,4.0,0.8,3.2,8
Sài Gòn,2026-08-16,3.8,0.8,3.0,11
Sài Gòn,2026-08-17,3.5,0.9,2.6,18
Sài Gòn,2026-08-18,3.3,1.0,2.3,22
Sài Gòn,2026-08-19,3.2,1.1,2.1,24
Sài Gòn,2026-08-20,3.1,1.2,1.9,31
Sài Gòn,2026-08-21,3.1,1.1,2.0,28
Sài Gòn,2026-08-22,3.2,1.1,2.1,24
Sài Gòn,2026-08-23,3.4,1.0,2.4,20
Sài Gòn,2026-08-24,3.6,0.9,2.7,16
Sài Gòn,2026-08-25,3.8,0.8,3.0,11
Sài Gòn,2026-08-26,4.0,0.7,3.3,6
Sài Gòn,2026-08-27,4.1,0.7,3.4,3
Sài Gòn,2026-08-28,4.1,0.6,3.5,1
Sài Gòn,2026-08-29,4.1,0.7,3.4,3
Sài Gòn,2026-08-30,3.9,0.8,3.1,9
Sài Gòn,2026-08-31,3.7,0.8,2.9,14
Sài Gòn,2026-09-01,3.5,0.9,2.6,17
Sài Gòn,2026-09-02,3.3,1.0,2.3,21
Sài Gòn,2026-09-03,3.1,1.1,2.0,25
Sài Gòn,2026-09-04,3.1,1.1,2.0,25
Sài Gòn,2026-09-05,3.1,1.1,2.0,25
Sài Gòn,2026-09-06,3.2,1.1,2.1,24
Sài Gòn,2026-09-07,3.4,1.0,2.4,20
Sài Gòn,2026-09-08,3.7,0.9,2.8,13
Sài Gòn,2026-09-09,3.8,0.8,3.0,9
Sài Gòn,2026-09-10,4.0,0.7,3.3,6
Sài Gòn,2026-09-11,4.1,0.7,3.4,2
Sài Gòn,2026-09-12,4.1,0.7,3.4,2
Sài Gòn,2026-09-13,4.1,0.7,3.4,2
Sài Gòn,2026-09-14,3.8,0.8,3.0,9
Sài Gòn,2026-09-15,3.6,0.9,2.7,15
Sài Gòn,2026-09-16,3.5,1.0,2.5,18
Sài Gòn,2026-09-17,3.3,1.1,2.2,23
Sài Gòn,2026-09-18,3.1,1.1,2.0,25
Sài Gòn,2026-09-19,3.1,1.1,2.0,25
Sài Gòn,2026-09-20,3.1,1.1,2.0,25
Sài Gòn,2026-09-21,3.3,1.0,2.3,21
Sài Gòn,2026-09-22,3.5,1.0,2.5,18
Sài Gòn,2026-09-23,3.7,0.9,2.8,13
Sài Gòn,2026-09-24,3.8,0.8,3.0,9
Sài Gòn,2026-09-25,4.0,0.7,3.3,6
Sài Gòn,2026-09-26,4.1,0.6,3.5,1
Sài Gòn,2026-09-27,4.1,0.7,3.4,2
Sài Gòn,2026-09-28,4.0,0.7,3.3,6
Sài Gòn,2026-09-29,3.8,0.8,3.0,9
Sài Gòn,2026-09-30,3.6,0.9,2.7,15
Sài Gòn,2026-10-01,3.4,1.0,2.4,19
Sài Gòn,2026-10-02,3.2,1.1,2.1,24
Sài Gòn,2026-10-03,3.1,1.1,2.0,26
Sài Gòn,2026-10-04,3.1,1.2,1.9,31
Sài Gòn,2026-10-05,3.1,1.1,2.0,26
Sài Gòn,2026-10-06,3.3,1.0,2.3,21
Sài Gòn,2026-10-07,3.5,0.9,2.6,17
Sài Gòn,2026-10-08,3.7,0.9,2.8,14
Sài Gòn,2026-10-09,3.9,0.7,3.2,9
Sài Gòn,2026-10-10,4.0,0.6,3.4,2
Sài Gòn,2026-10-11,4.1,0.7,3.4,2
Sài Gòn,2026-10-12,4.1,0.6,3.5,1
Sài Gòn,2026-10-13,4.0,0.7,3.3,5
Sài Gòn,2026-10-14,3.8,0.8,3.0,11
Sài Gòn,2026-10-15,3.6,0.9,2.7,15
Sài Gòn,2026-10-16,3.3,1.0,2.3,21
Sài Gòn,2026-10-17,3.2,1.1,2.1,24
Sài Gòn,2026-10-18,3.1,1.1,2.0,26
Sài Gòn,2026-10-19,3.1,1.1,2.0,26
Sài Gòn,2026-10-20,3.1,1.1,2.0,26
Sài Gòn,2026-10-21,3.4,1.0,2.4,19
Sài Gòn,2026-10-22,3.6,0.9,2.7,15
Sài Gòn,2026-10-23,3.8,0.8,3.0,11
Sài Gòn,2026-10-24,4.0,0.7,3.3,5
Sài Gòn,2026-10-25,4.0,0.7,3.3,5
Sài Gòn,2026-10-26,4.1,0.7,3.4,2
Sài Gòn,2026-10-27,4.0,0.7,3.3,5
Sài Gòn,2026-10-28,3.9,0.7,3.2,9
Sài Gòn,2026-10-29,3.7,0.8,2.9,13
Sài Gòn,2026-10-30,3.5,0.9,2.6,17
Sài Gòn,2026-10-31,3.3,1.0,2.3,21
Sài Gòn,2026-11-01,3.1,1.1,2.0,25
Sài Gòn,2026-11-02,3.1,1.1,2.0,25
Sài Gòn,2026-11-03,3.1,1.2,1.9,30
Sài Gòn,2026-11-04,3.2,1.1,2.1,23
Sài Gòn,2026-11-05,3.4,1.0,2.4,19
Sài Gòn,2026-11-06,3.6,0.9,2.7,15
Sài Gòn,2026-11-07,3.8,0.8,3.0,10
Sài Gòn,2026-11-08,4.0,0.7,3.3,6
Sài Gòn,2026-11-09,4.1,0.6,3.5,1
Sài Gòn,2026-11-10,4.1,0.7,3.4,3
Sài Gòn,2026-11-11,4.0,0.7,3.3,6
Sài Gòn,2026-11-12,3.9,0.8,3.1,9
Sài Gòn,2026-11-13,3.7,0.9,2.8,13
Sài Gòn,2026-11-14,3.5,1.0,2.5,17
Sài Gòn,2026-11-15,3.3,1.1,2.2,21
Sài Gòn,2026-11-16,3.1,1.1,2.0,25
Sài Gòn,2026-11-17,3.1,1.1,2.0,25
Sài Gòn,2026-11-18,3.1,1.1,2.0,25
Sài Gòn,2026-11-19,3.2,1.1,2.1,23
Sài Gòn,2026-11-20,3.5,1.0,2.5,17
Sài Gòn,2026-11-21,3.7,0.9,2.8,13
Sài Gòn,2026-11-22,3.8,0.8,3.0,10
Sài Gòn,2026-11-23,4.1,0.7,3.4,3
Sài Gòn,2026-11-24,4.1,0.7,3.4,3
Sài Gòn,2026-11-25,4.1,0.6,3.5,1
Sài Gòn,2026-11-26,4.0,0.7,3.3,6
Sài Gòn,2026-11-27,3.8,0.8,3.0,10
Sài Gòn,2026-11-28,3.6,0.9,2.7,15
Sài Gòn,2026-11-29,3.4,1.0,2.4,19
Sài Gòn,2026-11-30,3.2,1.0,2.2,21
Sài Gòn,2026-12-01,3.1,1.1,2.0,26
Sài Gòn,2026-12-02,3.1,1.1,2.0,26
Sài Gòn,2026-12-03,3.2,1.1,2.1,23
Sài Gòn,2026-12-04,3.3,1.1,2.2,22
Sài Gòn,2026-12-05,3.5,1.0,2.5,18
Sài Gòn,2026-12-06,3.7,0.8,2.9,13
Sài Gòn,2026-12-07,3.9,0.8,3.1,9
Sài Gòn,2026-12-08,4.1,0.7,3.4,1
Sài Gòn,2026-12-09,4.1,0.7,3.4,1
Sài Gòn,2026-12-10,4.1,0.7,3.4,1
Sài Gòn,2026-12-11,4.0,0.7,3.3,7
Sài Gòn,2026-12-12,3.8,0.8,3.0,11
Sài Gòn,2026-12-13,3.6,0.9,2.7,15
Sài Gòn,2026-12-14,3.4,1.0,2.4,19
Sài Gòn,2026-12-15,3.2,1.1,2.1,23
Sài Gòn,2026-12-16,3.1,1.2,1.9,31
Sài Gòn,2026-12-17,3.1,1.1,2.0,26
Sài Gòn,2026-12-18,3.2,1.1,2.1,23
Sài Gòn,2026-12-19,3.3,1.0,2.3,20
Sài Gòn,2026-12-20,3.6,0.9,2.7,15
Sài Gòn,2026-12-21,3.8,0.8,3.0,11
Sài Gòn,2026-12-22,3.9,0.7,3.2,8
Sài Gòn,2026-12-23,4.1,0.7,3.4,1
Sài Gòn,2026-12-24,4.1,0.7,3.4,1
Sài Gòn,2026-12-25,4.1,0.7,3.4,1
Sài Gòn,2026-12-26,3.9,0.8,3.1,9
Sài Gòn,2026-12-27,3.7,0.8,2.9,13
Sài Gòn,2026-12-28,3.5,0.9,2.6,17
Sài Gòn,2026-12-29,3.3,1.0,2.3,20
Sài Gòn,2026-12-30,3.1,1.1,2.0,26
Sài Gòn,2026-12-31,3.1,1.1,2.0,26
Định An,2026-01-01,3.7,0.7,3.0,13
Định An,2026-01-02,3.9,0.6,3.3,6
Định An,2026-01-03,4.0,0.6,3.4,1
Định An,2026-01-04,4.0,0.6,3.4,1
Định An,2026-01-05,4.0,0.6,3.4,1
Định An,2026-01-06,3.8,0.7,3.1,9
Định An,2026-01-07,3.6,0.8,2.8,14
Định An,2026-01-08,3.4,0.9,2.5,18
Định An,2026-01-09,3.2,1.0,2.2,23
Định An,2026-01-10,3.0,1.0,2.0,27
Định An,2026-01-11,3.0,1.0,2.0,27
Định An,2026-01-12,3.0,1.1,1.9,31
Định An,2026-01-13,3.2,1.0,2.2,23
Định An,2026-01-14,3.3,0.8,2.5,18
Định An,2026-01-15,3.6,0.8,2.8,14
Định An,2026-01-16,3.8,0.7,3.1,9
Định An,2026-01-17,3.9,0.6,3.3,6
Định An,2026-01-18,4.0,0.6,3.4,1
Định An,2026-01-19,4.0,0.6,3.4,1
Định An,2026-01-20,3.9,0.6,3.3,6
Định An,2026-01-21,3.8,0.7,3.1,9
Định An,2026-01-22,3.5,0.8,2.7,17
Định An,2026-01-23,3.3,0.9,2.4,21
Định An,2026-01-24,3.1,1.0,2.1,25
Định An,2026-01-25,3.1,1.0,2.1,25
Định An,2026-01-26,3.0,1.0,2.0,27
Định An,2026-01-27,3.0,1.0,2.0,27
Định An,2026-01-28,3.2,0.9,2.3,22
Định An,2026-01-29,3.4,0.9,2.5,18
Định An,2026-01-30,3.6,0.8,2.8,14
Định An,2026-01-31,3.8,0.7,3.1,9
Định An,2026-02-01,3.9,0.6,3.3,6
Định An,2026-02-02,4.0,0.6,3.4,1
Định An,2026-02-03,4.0,0.6,3.4,1
Định An,2026-02-04,3.9,0.6,3.3,6
Định An,2026-02-05,3.7,0.7,3.0,10
Định An,2026-02-06,3.5,0.8,2.7,13
Định An,2026-02-07,3.3,0.9,2.4,17
Định An,2026-02-08,3.1,1.0,2.1,21
Định An,2026-02-09,3.0,1.0,2.0,24
Định An,2026-02-10,3.0,1.0,2.0,24
Định An,2026-02-11,3.1,1.0,2.1,21
Định An,2026-02-12,3.2,0.9,2.3,19
Định An,2026-02-13,3.4,0.8,2.6,15
Định An,2026-02-14,3.7,0.7,3.0,10
Định An,2026-02-15,3.8,0.6,3.2,8
Định An,2026-02-16,4.0,0.6,3.4,1
Định An,2026-02-17,4.0,0.6,3.4,1
Định An,2026-02-18,4.0,0.6,3.4,1
Định An,2026-02-19,3.9,0.7,3.2,8
Định An,2026-02-20,3.6,0.8,2.8,12
Định An,2026-02-21,3.4,0.8,2.6,15
Định An,2026-02-22,3.2,1.0,2.2,20
Định An,2026-02-23,3.0,1.0,2.0,24
Định An,2026-02-24,3.0,1.0,2.0,24
Định An,2026-02-25,3.0,1.0,2.0,24
Định An,2026-02-26,3.1,1.0,2.1,21
Định An,2026-02-27,3.3,0.9,2.4,17
Định An,2026-02-28,3.5,0.8,2.7,13
Định An,2026-03-01,3.7,0.7,3.0,12
Định An,2026-03-02,3.9,0.6,3.3,6
Định An,2026-03-03,4.0,0.6,3.4,2
Định An,2026-03-04,4.0,0.6,3.4,2
Định An,2026-03-05,4.0,0.6,3.4,2
Định An,2026-03-06,3.8,0.7,3.1,10
Định An,2026-03-07,3.6,0.7,2.9,14
Định An,2026-03-08,3.4,0.9,2.5,18
Định An,2026-03-09,3.2,0.9,2.3,22
Định An,2026-03-10,3.0,1.0,2.0,26
Định An,2026-03-11,3.0,1.0,2.0,26
Định An,2026-03-12,3.0,1.0,2.0,26
Định An,2026-03-13,3.1,0.9,2.2,23
Định An,2026-03-14,3.3,0.9,2.4,21
Định An,2026-03-15,3.5,0.8,2.7,17
Định An,2026-03-16,3.8,0.7,3.1,10
Định An,2026-03-17,3.9,0.6,3.3,6
Định An,2026-03-18,4.0,0.6,3.4,2
Định An,2026-03-19,4.0,0.5,3.5,1
Định An,2026-03-20,3.9,0.6,3.3,6
Định An,2026-03-21,3.7,0.7,3.0,12
Định An,2026-03-22,3.6,0.8,2.8,16
Định An,2026-03-23,3.4,0.9,2.5,18
Định An,2026-03-24,3.2,1.0,2.2,23
Định An,2026-03-25,3.0,1.0,2.0,26
Định An,2026-03-26,3.0,1.1,1.9,31
Định An,2026-03-27,3.0,1.0,2.0,26
Định An,2026-03-28,3.2,1.0,2.2,23
Định An,2026-03-29,3.4,0.9,2.5,18
Định An,2026-03-30,3.6,0.7,2.9,14
Định An,2026-03-31,3.8,0.6,3.2,9
Định An,2026-04-01,4.0,0.6,3.4,1
Định An,2026-04-02,4.0,0.6,3.4,1
Định An,2026-04-03,4.0,0.6,3.4,1
Định An,2026-04-04,3.9,0.6,3.3,7
Định An,2026-04-05,3.7,0.7,3.0,11
Định An,2026-04-06,3.5,0.8,2.7,15
Định An,2026-04-07,3.3,0.9,2.4,19
Định An,2026-04-08,3.1,1.0,2.1,23
Định An,2026-04-09,3.0,1.0,2.0,27
Định An,2026-04-10,3.0,1.1,1.9,29
Định An,2026-04-11,3.1,1.0,2.1,23
Định An,2026-04-12,3.3,0.9,2.4,19
Định An,2026-04-13,3.4,0.8,2.6,17
Định An,2026-04-14,3.7,0.7,3.0,11
Định An,2026-04-15,3.8,0.7,3.1,9
Định An,2026-04-16,4.0,0.6,3.4,1
Định An,2026-04-17,4.0,0.6,3.4,1
Định An,2026-04-18,4.0,0.6,3.4,1
Định An,2026-04-19,3.8,0.7,3.1,9
Định An,2026-04-20,3.6,0.7,2.9,14
Định An,2026-04-21,3.4,0.8,2.6,17
Định An,2026-04-22,3.3,0.9,2.4,19
Định An,2026-04-23,3.1,1.0,2.1,23
Định An,2026-04-24,3.0,1.1,1.9,29
Định An,2026-04-25,3.0,1.0,2.0,27
Định An,2026-04-26,3.1,1.0,2.1,23
Định An,2026-04-27,3.3,0.9,2.4,19
Định An,2026-04-28,3.5,0.8,2.7,15
Định An,2026-04-29,3.7,0.7,3.0,11
Định An,2026-04-30,3.9,0.6,3.3,7
Định An,2026-05-01,4.0,0.6,3.4,3
Định An,2026-05-02,4.0,0.6,3.4,3
Định An,2026-05-03,3.9,0.6,3.3,7
Định An,2026-05-04,3.8,0.6,3.2,10
Định An,2026-05-05,3.6,0.7,2.9,14
Định An,2026-05-06,3.4,0.9,2.5,18
Định An,2026-05-07,3.2,1.0,2.2,22
Định An,2026-05-08,3.0,1.0,2.0,28
Định An,2026-05-09,3.0,1.1,1.9,31
Định An,2026-05-10,3.0,1.0,2.0,28
Định An,2026-05-11,3.1,1.0,2.1,24
Định An,2026-05-12,3.3,0.9,2.4,20
Định An,2026-05-13,3.5,0.8,2.7,16
Định An,2026-05-14,3.7,0.7,3.0,13
Định An,2026-05-15,3.9,0.6,3.3,7
Định An,2026-05-16,4.0,0.6,3.4,3
Định An,2026-05-17,4.0,0.5,3.5,1
Định An,2026-05-18,3.9,0.6,3.3,7
Định An,2026-05-19,3.8,0.7,3.1,11
Định An,2026-05-20,3.5,0.8,2.7,16
Định An,2026-05-21,3.3,0.9,2.4,20
Định An,2026-05-22,3.1,1.0,2.1,24
Định An,2026-05-23,3.1,1.0,2.1,24
Định An,2026-05-24,3.0,1.0,2.0,28
Định An,2026-05-25,3.1,1.0,2.1,24
Định An,2026-05-26,3.2,1.0,2.2,22
Định An,2026-05-27,3.4,0.9,2.5,18
Định An,2026-05-28,3.6,0.8,2.8,15
Định An,2026-05-29,3.8,0.7,3.1,11
Định An,2026-05-30,4.0,0.6,3.4,3
Định An,2026-05-31,4.0,0.5,3.5,1
Định An,2026-06-01,4.0,0.6,3.4,3
Định An,2026-06-02,3.9,0.6,3.3,7
Định An,2026-06-03,3.7,0.7,3.0,11
Định An,2026-06-04,3.5,0.8,2.7,15
Định An,2026-06-05,3.3,0.9,2.4,19
Định An,2026-06-06,3.1,1.0,2.1,23
Định An,2026-06-07,3.0,1.0,2.0,27
Định An,2026-06-08,3.0,1.0,2.0,27
Định An,2026-06-09,3.1,1.0,2.1,23
Định An,2026-06-10,3.2,1.0,2.2,21
Định An,2026-06-11,3.4,0.8,2.6,17
Định An,2026-06-12,3.7,0.7,3.0,11
Định An,2026-06-13,3.8,0.6,3.2,9
Định An,2026-06-14,4.0,0.6,3.4,3
Định An,2026-06-15,4.0,0.5,3.5,1
Định An,2026-06-16,4.0,0.6,3.4,3
Định An,2026-06-17,3.8,0.6,3.2,9
Định An,2026-06-18,3.7,0.7,3.0,11
Định An,2026-06-19,3.4,0.8,2.6,17
Định An,2026-06-20,3.2,1.0,2.2,21
Định An,2026-06-21,3.1,1.0,2.1,23
Định An,2026-06-22,3.0,1.0,2.0,27
Định An,2026-06-23,3.0,1.0,2.0,27
Định An,2026-06-24,3.1,1.0,2.1,23
Định An,2026-06-25,3.3,0.9,2.4,19
Định An,2026-06-26,3.5,0.8,2.7,15
Định An,2026-06-27,3.7,0.7,3.0,11
Định An,2026-06-28,3.9,0.6,3.3,7
Định An,2026-06-29,4.0,0.6,3.4,3
Định An,2026-06-30,4.0,0.5,3.5,1
Định An,2026-07-01,4.0,0.6,3.4,2
Định An,2026-07-02,3.8,0.6,3.2,10
Định An,2026-07-03,3.6,0.7,2.9,14
Định An,2026-07-04,3.4,0.9,2.5,18
Định An,2026-07-05,3.2,0.9,2.3,22
Định An,2026-07-06,3.1,1.0,2.1,24
Định An,2026-07-07,3.0,1.0,2.0,29
Định An,2026-07-08,3.0,1.1,1.9,31
Định An,2026-07-09,3.1,1.0,2.1,24
Định An,2026-07-10,3.3,0.9,2.4,20
Định An,2026-07-11,3.5,0.8,2.7,17
Định An,2026-07-12,3.7,0.7,3.0,13
Định An,2026-07-13,3.9,0.6,3.3,6
Định An,2026-07-14,4.0,0.5,3.5,1
Định An,2026-07-15,4.0,0.6,3.4,2
Định An,2026-07-16,3.9,0.6,3.3,6
Định An,2026-07-17,3.8,0.7,3.1,11
Định An,2026-07-18,3.6,0.8,2.8,15
Định An,2026-07-19,3.3,0.9,2.4,20
Định An,2026-07-20,3.2,1.0,2.2,23
Định An,2026-07-21,3.1,1.0,2.1,24
Định An,2026-07-22,3.0,1.0,2.0,29
Định An,2026-07-23,3.1,1.0,2.1,24
Định An,2026-07-24,3.1,1.0,2.1,24
Định An,2026-07-25,3.4,0.9,2.5,18
Định An,2026-07-26,3.6,0.8,2.8,15
Định An,2026-07-27,3.8,0.7,3.1,11
Định An,2026-07-28,3.9,0.6,3.3,6
Định An,2026-07-29,4.0,0.6,3.4,2
Định An,2026-07-30,4.0,0.6,3.4,2
Định An,2026-07-31,3.9,0.6,3.3,6
Định An,2026-08-01,3.7,0.7,3.0,11
Định An,2026-08-02,3.5,0.8,2.7,16
Định An,2026-08-03,3.3,0.9,2.4,20
Định An,2026-08-04,3.1,1.0,2.1,24
Định An,2026-08-05,3.0,1.0,2.0,28
Định An,2026-08-06,3.0,1.0,2.0,28
Định An,2026-08-07,3.1,1.0,2.1,24
Định An,2026-08-08,3.2,0.9,2.3,22
Định An,2026-08-09,3.4,0.9,2.5,19
Định An,2026-08-10,3.6,0.7,2.9,13
Định An,2026-08-11,3.8,0.7,3.1,10
Định An,2026-08-12,4.0,0.6,3.4,3
Định An,2026-08-13,4.1,0.5,3.6,1
Định An,2026-08-14,4.0,0.6,3.4,3
Định An,2026-08-15,3.8,0.6,3.2,7
Định An,2026-08-16,3.7,0.7,3.0,11
Định An,2026-08-17,3.5,0.8,2.7,16
Định An,2026-08-18,3.2,0.9,2.3,22
Định An,2026-08-19,3.1,1.0,2.1,24
Định An,2026-08-20,3.0,1.1,1.9,31
Định An,2026-08-21,3.0,1.0,2.0,28
Định An,2026-08-22,3.1,1.0,2.1,24
Định An,2026-08-23,3.3,0.9,2.4,20
Định An,2026-08-24,3.5,0.8,2.7,16
Định An,2026-08-25,3.6,0.7,2.9,13
Định An,2026-08-26,3.9,0.7,3.2,7
Định An,2026-08-27,4.0,0.6,3.4,3
Định An,2026-08-28,4.0,0.5,3.5,2
Định An,2026-08-29,3.9,0.6,3.3,6
Định An,2026-08-30,3.8,0.6,3.2,7
Định An,2026-08-31,3.6,0.8,2.8,15
Định An,2026-09-01,3.4,0.8,2.6,17
Định An,2026-09-02,3.2,0.9,2.3,21
Định An,2026-09-03,3.0,1.0,2.0,26
Định An,2026-09-04,3.0,1.0,2.0,26
Định An,2026-09-05,3.0,1.0,2.0,26
Định An,2026-09-06,3.1,1.0,2.1,23
Định An,2026-09-07,3.3,0.9,2.4,18
Định An,2026-09-08,3.5,0.8,2.7,15
Định An,2026-09-09,3.7,0.7,3.0,11
Định An,2026-09-10,3.9,0.6,3.3,5
Định An,2026-09-11,4.0,0.6,3.4,1
Định An,2026-09-12,4.0,0.6,3.4,1
Định An,2026-09-13,3.9,0.6,3.3,5
Định An,2026-09-14,3.8,0.7,3.1,9
Định An,2026-09-15,3.6,0.8,2.8,13
Định An,2026-09-16,3.3,0.9,2.4,18
Định An,2026-09-17,3.2,1.0,2.2,22
Định An,2026-09-18,3.0,1.0,2.0,26
Định An,2026-09-19,3.0,1.0,2.0,26
Định An,2026-09-20,3.1,1.0,2.1,23
Định An,2026-09-21,3.1,1.0,2.1,23
Định An,2026-09-22,3.3,0.9,2.4,18
Định An,2026-09-23,3.6,0.8,2.8,13
Định An,2026-09-24,3.8,0.7,3.1,9
Định An,2026-09-25,3.9,0.6,3.3,5
Định An,2026-09-26,4.0,0.6,3.4,1
Định An,2026-09-27,4.0,0.6,3.4,1
Định An,2026-09-28,3.9,0.6,3.3,5
Định An,2026-09-29,3.7,0.7,3.0,11
Định An,2026-09-30,3.5,0.8,2.7,15
Định An,2026-10-01,3.3,0.9,2.4,19
Định An,2026-10-02,3.1,1.0,2.1,24
Định An,2026-10-03,3.0,1.0,2.0,28
Định An,2026-10-04,3.0,1.0,2.0,28
Định An,2026-10-05,3.1,1.0,2.1,24
Định An,2026-10-06,3.2,0.9,2.3,21
Định An,2026-10-07,3.4,0.8,2.6,17
Định An,2026-10-08,3.6,0.8,2.8,14
Định An,2026-10-09,3.8,0.7,3.1,10
Định An,2026-10-10,4.0,0.6,3.4,4
Định An,2026-10-11,4.1,0.6,3.5,1
Định An,2026-10-12,4.0,0.5,3.5,1
Định An,2026-10-13,3.8,0.6,3.2,8
Định An,2026-10-14,3.7,0.7,3.0,11
Định An,2026-10-15,3.5,0.8,2.7,15
Định An,2026-10-16,3.3,0.9,2.4,19
Định An,2026-10-17,3.1,1.0,2.1,24
Định An,2026-10-18,3.0,1.0,2.0,28
Định An,2026-10-19,3.0,1.0,2.0,28
Định An,2026-10-20,3.1,1.0,2.1,24
Định An,2026-10-21,3.2,0.9,2.3,21
Định An,2026-10-22,3.5,0.8,2.7,15
Định An,2026-10-23,3.7,0.7,3.0,11
Định An,2026-10-24,3.9,0.6,3.3,6
Định An,2026-10-25,3.9,0.6,3.3,6
Định An,2026-10-26,4.0,0.5,3.5,1
Định An,2026-10-27,4.0,0.6,3.4,4
Định An,2026-10-28,3.8,0.6,3.2,8
Định An,2026-10-29,3.6,0.7,2.9,13
Định An,2026-10-30,3.4,0.8,2.6,17
Định An,2026-10-31,3.2,0.9,2.3,21
Định An,2026-11-01,3.1,1.0,2.1,21
Định An,2026-11-02,3.0,1.0,2.0,27
Định An,2026-11-03,3.0,1.0,2.0,27
Định An,2026-11-04,3.1,1.0,2.1,21
Định An,2026-11-05,3.3,0.9,2.4,18
Định An,2026-11-06,3.5,0.8,2.7,15
Định An,2026-11-07,3.7,0.7,3.0,10
Định An,2026-11-08,3.9,0.6,3.3,5
Định An,2026-11-09,4.0,0.6,3.4,1
Định An,2026-11-10,4.0,0.6,3.4,1
Định An,2026-11-11,3.9,0.6,3.3,5
Định An,2026-11-12,3.8,0.7,3.1,9
Định An,2026-11-13,3.6,0.8,2.8,13
Định An,2026-11-14,3.4,0.9,2.5,17
Định An,2026-11-15,3.1,1.0,2.1,21
Định An,2026-11-16,3.0,1.1,1.9,30
Định An,2026-11-17,3.0,1.0,2.0,27
Định An,2026-11-18,3.1,1.0,2.1,21
Định An,2026-11-19,3.1,1.0,2.1,21
Định An,2026-11-20,3.3,0.9,2.4,18
Định An,2026-11-21,3.6,0.8,2.8,13
Định An,2026-11-22,3.7,0.7,3.0,10
Định An,2026-11-23,3.9,0.6,3.3,5
Định An,2026-11-24,4.0,0.6,3.4,1
Định An,2026-11-25,4.0,0.6,3.4,1
Định An,2026-11-26,3.9,0.6,3.3,5
Định An,2026-11-27,3.7,0.7,3.0,10
Định An,2026-11-28,3.5,0.8,2.7,15
Định An,2026-11-29,3.3,0.9,2.4,18
Định An,2026-11-30,3.1,1.0,2.1,21
Định An,2026-12-01,3.0,1.1,1.9,29
Định An,2026-12-02,3.0,1.0,2.0,26
Định An,2026-12-03,3.0,1.0,2.0,26
Định An,2026-12-04,3.2,1.0,2.2,20
Định An,2026-12-05,3.4,0.9,2.5,18
Định An,2026-12-06,3.6,0.8,2.8,14
Định An,2026-12-07,3.8,0.7,3.1,10
Định An,2026-12-08,4.0,0.6,3.4,2
Định An,2026-12-09,4.0,0.6,3.4,2
Định An,2026-12-10,4.0,0.6,3.4,2
Định An,2026-12-11,3.9,0.6,3.3,5
Định An,2026-12-12,3.7,0.7,3.0,11
Định An,2026-12-13,3.5,0.8,2.7,15
Định An,2026-12-14,3.2,0.9,2.3,19
Định An,2026-12-15,3.1,1.0,2.1,23
Định An,2026-12-16,3.0,1.1,1.9,29
Định An,2026-12-17,3.0,1.0,2.0,26
Định An,2026-12-18,3.1,1.0,2.1,23
Định An,2026-12-19,3.2,1.0,2.2,20
Định An,2026-12-20,3.5,0.9,2.6,16
Định An,2026-12-21,3.7,0.7,3.0,11
Định An,2026-12-22,3.8,0.6,3.2,8
Định An,2026-12-23,3.9,0.6,3.3,5
Định An,2026-12-24,4.0,0.5,3.5,1
Định An,2026-12-25,3.9,0.6,3.3,5
Định An,2026-12-26,3.8,0.6,3.2,8
Định An,2026-12-27,3.6,0.7,2.9,13
Định An,2026-12-28,3.5,0.9,2.6,16
Định An,2026-12-29,3.2,1.0,2.2,20
Định An,2026-12-30,3.1,1.0,2.1,23
Định An,2026-12-31,2.9,1.0,1.9,29
Hà Tiên,2026-01-01,1.6,0.5,1.1,12
Hà Tiên,2026-01-02,1.6,0.4,1.2,7
Hà Tiên,2026-01-03,1.7,0.4,1.3,1
Hà Tiên,2026-01-04,1.7,0.4,1.3,1
Hà Tiên,2026-01-05,1.7,0.4,1.3,1
Hà Tiên,2026-01-06,1.6,0.5,1.1,12
Hà Tiên,2026-01-07,1.5,0.5,1.0,16
Hà Tiên,2026-01-08,1.5,0.5,1.0,16
Hà Tiên,2026-01-09,1.4,0.6,0.8,21
Hà Tiên,2026-01-10,1.3,0.5,0.8,21
Hà Tiên,2026-01-11,1.3,0.6,0.7,26
Hà Tiên,2026-01-12,1.3,0.6,0.7,26
Hà Tiên,2026-01-13,1.4,0.6,0.8,21
Hà Tiên,2026-01-14,1.4,0.6,0.8,21
Hà Tiên,2026-01-15,1.5,0.4,1.1,12
Hà Tiên,2026-01-16,1.6,0.4,1.2,7
Hà Tiên,2026-01-17,1.6,0.4,1.2,7
Hà Tiên,2026-01-18,1.7,0.4,1.3,1
Hà Tiên,2026-01-19,1.7,0.4,1.3,1
Hà Tiên,2026-01-20,1.6,0.4,1.2,7
Hà Tiên,2026-01-21,1.6,0.5,1.1,12
Hà Tiên,2026-01-22,1.6,0.4,1.2,7
Hà Tiên,2026-01-23,1.4,0.5,0.9,20
Hà Tiên,2026-01-24,1.3,0.6,0.7,26
Hà Tiên,2026-01-25,1.3,0.6,0.7,26
Hà Tiên,2026-01-26,1.3,0.6,0.7,26
Hà Tiên,2026-01-27,1.3,0.6,0.7,26
Hà Tiên,2026-01-28,1.4,0.6,0.8,21
Hà Tiên,2026-01-29,1.5,0.5,1.0,16
Hà Tiên,2026-01-30,1.5,0.5,1.0,16
Hà Tiên,2026-01-31,1.7,0.4,1.3,1
Hà Tiên,2026-02-01,1.7,0.4,1.3,1
Hà Tiên,2026-02-02,1.7,0.4,1.3,1
Hà Tiên,2026-02-03,1.7,0.4,1.3,1
Hà Tiên,2026-02-04,1.6,0.4,1.2,7
Hà Tiên,2026-02-05,1.6,0.5,1.1,9
Hà Tiên,2026-02-06,1.5,0.5,1.0,13
Hà Tiên,2026-02-07,1.5,0.5,1.0,13
Hà Tiên,2026-02-08,1.4,0.6,0.8,19
Hà Tiên,2026-02-09,1.3,0.6,0.7,24
Hà Tiên,2026-02-10,1.3,0.6,0.7,24
Hà Tiên,2026-02-11,1.3,0.6,0.7,24
Hà Tiên,2026-02-12,1.4,0.6,0.8,19
Hà Tiên,2026-02-13,1.5,0.5,1.0,13
Hà Tiên,2026-02-14,1.6,0.5,1.1,9
Hà Tiên,2026-02-15,1.6,0.5,1.1,9
Hà Tiên,2026-02-16,1.7,0.4,1.3,1
Hà Tiên,2026-02-17,1.7,0.4,1.3,1
Hà Tiên,2026-02-18,1.7,0.4,1.3,1
Hà Tiên,2026-02-19,1.6,0.4,1.2,7
Hà Tiên,2026-02-20,1.6,0.5,1.1,9
Hà Tiên,2026-02-21,1.5,0.5,1.0,13
Hà Tiên,2026-02-22,1.4,0.6,0.8,19
Hà Tiên,2026-02-23,1.3,0.6,0.7,24
Hà Tiên,2026-02-24,1.4,0.6,0.8,19
Hà Tiên,2026-02-25,1.3,0.6,0.7,24
Hà Tiên,2026-02-26,1.4,0.6,0.8,19
Hà Tiên,2026-02-27,1.4,0.5,0.9,18
Hà Tiên,2026-02-28,1.5,0.5,1.0,13
Hà Tiên,2026-03-01,1.5,0.5,1.0,15
Hà Tiên,2026-03-02,1.6,0.4,1.2,8
Hà Tiên,2026-03-03,1.7,0.4,1.3,1
Hà Tiên,2026-03-04,1.7,0.4,1.3,1
Hà Tiên,2026-03-05,1.7,0.4,1.3,1
Hà Tiên,2026-03-06,1.6,0.4,1.2,8
Hà Tiên,2026-03-07,1.5,0.4,1.1,11
Hà Tiên,2026-03-08,1.5,0.5,1.0,15
Hà Tiên,2026-03-09,1.4,0.6,0.8,25
Hà Tiên,2026-03-10,1.4,0.6,0.8,25
Hà Tiên,2026-03-11,1.3,0.6,0.7,27
Hà Tiên,2026-03-12,1.3,0.6,0.7,27
Hà Tiên,2026-03-13,1.4,0.5,0.9,20
Hà Tiên,2026-03-14,1.4,0.5,0.9,20
Hà Tiên,2026-03-15,1.5,0.5,1.0,15
Hà Tiên,2026-03-16,1.6,0.5,1.1,11
Hà Tiên,2026-03-17,1.7,0.4,1.3,1
Hà Tiên,2026-03-18,1.7,0.4,1.3,1
Hà Tiên,2026-03-19,1.7,0.4,1.3,1
Hà Tiên,2026-03-20,1.6,0.4,1.2,8
Hà Tiên,2026-03-21,1.6,0.5,1.1,11
Hà Tiên,2026-03-22,1.5,0.5,1.0,15
Hà Tiên,2026-03-23,1.4,0.5,0.9,20
Hà Tiên,2026-03-24,1.4,0.5,0.9,20
Hà Tiên,2026-03-25,1.3,0.6,0.7,27
Hà Tiên,2026-03-26,1.3,0.6,0.7,27
Hà Tiên,2026-03-27,1.3,0.6,0.7,27
Hà Tiên,2026-03-28,1.4,0.5,0.9,20
Hà Tiên,2026-03-29,1.5,0.5,1.0,15
Hà Tiên,2026-03-30,1.6,0.5,1.1,11
Hà Tiên,2026-03-31,1.7,0.4,1.3,1
Hà Tiên,2026-04-01,1.7,0.4,1.3,1
Hà Tiên,2026-04-02,1.7,0.4,1.3,1
Hà Tiên,2026-04-03,1.7,0.4,1.3,1
Hà Tiên,2026-04-04,1.6,0.4,1.2,7
Hà Tiên,2026-04-05,1.6,0.5,1.1,9
Hà Tiên,2026-04-06,1.5,0.5,1.0,14
Hà Tiên,2026-04-07,1.5,0.5,1.0,14
Hà Tiên,2026-04-08,1.3,0.5,0.8,21
Hà Tiên,2026-04-09,1.3,0.6,0.7,26
Hà Tiên,2026-04-10,1.3,0.6,0.7,26
Hà Tiên,2026-04-11,1.3,0.6,0.7,26
Hà Tiên,2026-04-12,1.4,0.6,0.8,21
Hà Tiên,2026-04-13,1.5,0.5,1.0,14
Hà Tiên,2026-04-14,1.6,0.5,1.1,9
Hà Tiên,2026-04-15,1.6,0.4,1.2,7
Hà Tiên,2026-04-16,1.7,0.4,1.3,1
Hà Tiên,2026-04-17,1.7,0.4,1.3,1
Hà Tiên,2026-04-18,1.7,0.4,1.3,1
Hà Tiên,2026-04-19,1.6,0.5,1.1,9
Hà Tiên,2026-04-20,1.5,0.5,1.0,14
Hà Tiên,2026-04-21,1.5,0.5,1.0,14
Hà Tiên,2026-04-22,1.4,0.5,0.9,20
Hà Tiên,2026-04-23,1.4,0.6,0.8,21
Hà Tiên,2026-04-24,1.3,0.6,0.7,26
Hà Tiên,2026-04-25,1.3,0.6,0.7,26
Hà Tiên,2026-04-26,1.3,0.5,0.8,21
Hà Tiên,2026-04-27,1.4,0.6,0.8,21
Hà Tiên,2026-04-28,1.5,0.5,1.0,14
Hà Tiên,2026-04-29,1.6,0.5,1.1,9
Hà Tiên,2026-04-30,1.6,0.5,1.1,9
Hà Tiên,2026-05-01,1.7,0.4,1.3,1
Hà Tiên,2026-05-02,1.7,0.4,1.3,1
Hà Tiên,2026-05-03,1.7,0.4,1.3,1
Hà Tiên,2026-05-04,1.6,0.5,1.1,11
Hà Tiên,2026-05-05,1.6,0.5,1.1,11
Hà Tiên,2026-05-06,1.5,0.5,1.0,15
Hà Tiên,2026-05-07,1.4,0.6,0.8,21
Hà Tiên,2026-05-08,1.3,0.6,0.7,25
Hà Tiên,2026-05-09,1.3,0.6,0.7,25
Hà Tiên,2026-05-10,1.3,0.6,0.7,25
Hà Tiên,2026-05-11,1.3,0.6,0.7,25
Hà Tiên,2026-05-12,1.4,0.5,0.9,19
Hà Tiên,2026-05-13,1.5,0.5,1.0,15
Hà Tiên,2026-05-14,1.6,0.5,1.1,11
Hà Tiên,2026-05-15,1.7,0.4,1.3,1
Hà Tiên,2026-05-16,1.7,0.5,1.2,9
Hà Tiên,2026-05-17,1.7,0.4,1.3,1
Hà Tiên,2026-05-18,1.7,0.4,1.3,1
Hà Tiên,2026-05-19,1.6,0.4,1.2,9
Hà Tiên,2026-05-20,1.5,0.5,1.0,15
Hà Tiên,2026-05-21,1.4,0.6,0.8,21
Hà Tiên,2026-05-22,1.4,0.5,0.9,19
Hà Tiên,2026-05-23,1.3,0.6,0.7,25
Hà Tiên,2026-05-24,1.3,0.6,0.7,25
Hà Tiên,2026-05-25,1.3,0.6,0.7,25
Hà Tiên,2026-05-26,1.4,0.6,0.8,21
Hà Tiên,2026-05-27,1.4,0.6,0.8,21
Hà Tiên,2026-05-28,1.5,0.5,1.0,15
Hà Tiên,2026-05-29,1.6,0.5,1.1,11
Hà Tiên,2026-05-30,1.7,0.4,1.3,1
Hà Tiên,2026-05-31,1.7,0.4,1.3,1
Hà Tiên,2026-06-01,1.7,0.5,1.2,5
Hà Tiên,2026-06-02,1.6,0.4,1.2,5
Hà Tiên,2026-06-03,1.6,0.5,1.1,9
Hà Tiên,2026-06-04,1.5,0.5,1.0,13
Hà Tiên,2026-06-05,1.4,0.6,0.8,23
Hà Tiên,2026-06-06,1.4,0.6,0.8,23
Hà Tiên,2026-06-07,1.3,0.6,0.7,26
Hà Tiên,2026-06-08,1.3,0.6,0.7,26
Hà Tiên,2026-06-09,1.3,0.6,0.7,26
Hà Tiên,2026-06-10,1.4,0.5,0.9,18
Hà Tiên,2026-06-11,1.4,0.5,0.9,18
Hà Tiên,2026-06-12,1.5,0.5,1.0,13
Hà Tiên,2026-06-13,1.6,0.4,1.2,5
Hà Tiên,2026-06-14,1.7,0.4,1.3,1
Hà Tiên,2026-06-15,1.7,0.4,1.3,1
Hà Tiên,2026-06-16,1.6,0.4,1.2,5
Hà Tiên,2026-06-17,1.6,0.5,1.1,9
Hà Tiên,2026-06-18,1.5,0.5,1.0,13
Hà Tiên,2026-06-19,1.5,0.5,1.0,13
Hà Tiên,2026-06-20,1.4,0.5,0.9,18
Hà Tiên,2026-06-21,1.4,0.6,0.8,23
Hà Tiên,2026-06-22,1.3,0.6,0.7,26
Hà Tiên,2026-06-23,1.3,0.6,0.7,26
Hà Tiên,2026-06-24,1.4,0.5,0.9,18
Hà Tiên,2026-06-25,1.4,0.5,0.9,18
Hà Tiên,2026-06-26,1.5,0.5,1.0,13
Hà Tiên,2026-06-27,1.6,0.5,1.1,9
Hà Tiên,2026-06-28,1.6,0.5,1.1,9
Hà Tiên,2026-06-29,1.7,0.4,1.3,1
Hà Tiên,2026-06-30,1.7,0.4,1.3,1
Hà Tiên,2026-07-01,1.7,0.4,1.3,1
Hà Tiên,2026-07-02,1.6,0.4,1.2,8
Hà Tiên,2026-07-03,1.6,0.5,1.1,13
Hà Tiên,2026-07-04,1.5,0.5,1.0,16
Hà Tiên,2026-07-05,1.4,0.6,0.8,22
Hà Tiên,2026-07-06,1.3,0.5,0.8,22
Hà Tiên,2026-07-07,1.3,0.6,0.7,26
Hà Tiên,2026-07-08,1.3,0.6,0.7,26
Hà Tiên,2026-07-09,1.4,0.6,0.8,22
Hà Tiên,2026-07-10,1.4,0.5,0.9,21
Hà Tiên,2026-07-11,1.5,0.5,1.0,16
Hà Tiên,2026-07-12,1.6,0.5,1.1,13
Hà Tiên,2026-07-13,1.7,0.5,1.2,8
Hà Tiên,2026-07-14,1.7,0.4,1.3,1
Hà Tiên,2026-07-15,1.7,0.4,1.3,1
Hà Tiên,2026-07-16,1.6,0.4,1.2,8
Hà Tiên,2026-07-17,1.6,0.4,1.2,8
Hà Tiên,2026-07-18,1.5,0.5,1.0,16
Hà Tiên,2026-07-19,1.5,0.5,1.0,16
Hà Tiên,2026-07-20,1.3,0.6,0.7,26
Hà Tiên,2026-07-21,1.3,0.6,0.7,26
Hà Tiên,2026-07-22,1.3,0.6,0.7,26
Hà Tiên,2026-07-23,1.3,0.6,0.7,26
Hà Tiên,2026-07-24,1.4,0.6,0.8,22
Hà Tiên,2026-07-25,1.5,0.5,1.0,16
Hà Tiên,2026-07-26,1.6,0.5,1.1,13
Hà Tiên,2026-07-27,1.6,0.4,1.2,8
Hà Tiên,2026-07-28,1.7,0.4,1.3,1
Hà Tiên,2026-07-29,1.7,0.4,1.3,1
Hà Tiên,2026-07-30,1.7,0.4,1.3,1
Hà Tiên,2026-07-31,1.7,0.4,1.3,1
Hà Tiên,2026-08-01,1.6,0.4,1.2,6
Hà Tiên,2026-08-02,1.5,0.5,1.0,16
Hà Tiên,2026-08-03,1.4,0.5,0.9,20
Hà Tiên,2026-08-04,1.4,0.6,0.8,23
Hà Tiên,2026-08-05,1.3,0.6,0.7,25
Hà Tiên,2026-08-06,1.3,0.6,0.7,25
Hà Tiên,2026-08-07,1.3,0.6,0.7,25
Hà Tiên,2026-08-08,1.4,0.6,0.8,23
Hà Tiên,2026-08-09,1.5,0.5,1.0,16
Hà Tiên,2026-08-10,1.6,0.5,1.1,11
Hà Tiên,2026-08-11,1.6,0.5,1.1,11
Hà Tiên,2026-08-12,1.7,0.4,1.3,1
Hà Tiên,2026-08-13,1.7,0.4,1.3,1
Hà Tiên,2026-08-14,1.6,0.4,1.2,6
Hà Tiên,2026-08-15,1.6,0.4,1.2,6
Hà Tiên,2026-08-16,1.6,0.5,1.1,11
Hà Tiên,2026-08-17,1.5,0.5,1.0,16
Hà Tiên,2026-08-18,1.4,0.5,0.9,20
Hà Tiên,2026-08-19,1.3,0.6,0.7,25
Hà Tiên,2026-08-20,1.3,0.6,0.7,25
Hà Tiên,2026-08-21,1.3,0.6,0.7,25
Hà Tiên,2026-08-22,1.3,0.6,0.7,25
Hà Tiên,2026-08-23,1.4,0.5,0.9,20
Hà Tiên,2026-08-24,1.5,0.5,1.0,16
Hà Tiên,2026-08-25,1.6,0.5,1.1,11
Hà Tiên,2026-08-26,1.6,0.4,1.2,6
Hà Tiên,2026-08-27,1.7,0.4,1.3,1
Hà Tiên,2026-08-28,1.7,0.4,1.3,1
Hà Tiên,2026-08-29,1.7,0.4,1.3,1
Hà Tiên,2026-08-30,1.6,0.4,1.2,6
Hà Tiên,2026-08-31,1.6,0.5,1.1,11
Hà Tiên,2026-09-01,1.5,0.5,1.0,13
Hà Tiên,2026-09-02,1.4,0.6,0.8,22
Hà Tiên,2026-09-03,1.4,0.6,0.8,22
Hà Tiên,2026-09-04,1.3,0.6,0.7,25
Hà Tiên,2026-09-05,1.3,0.6,0.7,25
Hà Tiên,2026-09-06,1.3,0.6,0.7,25
Hà Tiên,2026-09-07,1.4,0.5,0.9,19
Hà Tiên,2026-09-08,1.5,0.5,1.0,13
Hà Tiên,2026-09-09,1.6,0.5,1.1,10
Hà Tiên,2026-09-10,1.6,0.4,1.2,6
Hà Tiên,2026-09-11,1.7,0.4,1.3,1
Hà Tiên,2026-09-12,1.7,0.4,1.3,1
Hà Tiên,2026-09-13,1.6,0.4,1.2,6
Hà Tiên,2026-09-14,1.6,0.5,1.1,10
Hà Tiên,2026-09-15,1.5,0.5,1.0,13
Hà Tiên,2026-09-16,1.5,0.5,1.0,13
Hà Tiên,2026-09-17,1.4,0.5,0.9,19
Hà Tiên,2026-09-18,1.3,0.6,0.7,25
Hà Tiên,2026-09-19,1.3,0.6,0.7,25
Hà Tiên,2026-09-20,1.3,0.6,0.7,25
Hà Tiên,2026-09-21,1.4,0.6,0.8,22
Hà Tiên,2026-09-22,1.4,0.5,0.9,19
Hà Tiên,2026-09-23,1.5,0.5,1.0,13
Hà Tiên,2026-09-24,1.6,0.4,1.2,6
Hà Tiên,2026-09-25,1.7,0.4,1.3,1
Hà Tiên,2026-09-26,1.7,0.4,1.3,1
Hà Tiên,2026-09-27,1.7,0.4,1.3,1
Hà Tiên,2026-09-28,1.7,0.5,1.2,6
Hà Tiên,2026-09-29,1.6,0.5,1.1,10
Hà Tiên,2026-09-30,1.5,0.5,1.0,13
Hà Tiên,2026-10-01,1.4,0.5,0.9,17
Hà Tiên,2026-10-02,1.4,0.6,0.8,22
Hà Tiên,2026-10-03,1.3,0.6,0.7,28
Hà Tiên,2026-10-04,1.3,0.6,0.7,28
Hà Tiên,2026-10-05,1.3,0.6,0.7,28
Hà Tiên,2026-10-06,1.4,0.6,0.8,22
Hà Tiên,2026-10-07,1.4,0.5,0.9,17
Hà Tiên,2026-10-08,1.5,0.5,1.0,13
Hà Tiên,2026-10-09,1.6,0.4,1.2,6
Hà Tiên,2026-10-10,1.6,0.4,1.2,6
Hà Tiên,2026-10-11,1.7,0.4,1.3,1
Hà Tiên,2026-10-12,1.7,0.4,1.3,1
Hà Tiên,2026-10-13,1.7,0.5,1.2,6
Hà Tiên,2026-10-14,1.6,0.5,1.1,11
Hà Tiên,2026-10-15,1.5,0.6,0.9,17
Hà Tiên,2026-10-16,1.4,0.6,0.8,22
Hà Tiên,2026-10-17,1.4,0.5,0.9,17
Hà Tiên,2026-10-18,1.3,0.6,0.7,28
Hà Tiên,2026-10-19,1.3,0.5,0.8,22
Hà Tiên,2026-10-20,1.4,0.6,0.8,22
Hà Tiên,2026-10-21,1.4,0.6,0.8,22
Hà Tiên,2026-10-22,1.5,0.5,1.0,13
Hà Tiên,2026-10-23,1.6,0.4,1.2,6
Hà Tiên,2026-10-24,1.6,0.5,1.1,11
Hà Tiên,2026-10-25,1.7,0.4,1.3,1
Hà Tiên,2026-10-26,1.7,0.4,1.3,1
Hà Tiên,2026-10-27,1.7,0.4,1.3,1
Hà Tiên,2026-10-28,1.6,0.4,1.2,6
Hà Tiên,2026-10-29,1.5,0.5,1.0,13
Hà Tiên,2026-10-30,1.5,0.5,1.0,13
Hà Tiên,2026-10-31,1.4,0.5,0.9,17
Hà Tiên,2026-11-01,1.3,0.6,0.7,25
Hà Tiên,2026-11-02,1.3,0.6,0.7,25
Hà Tiên,2026-11-03,1.3,0.6,0.7,25
Hà Tiên,2026-11-04,1.4,0.6,0.8,22
Hà Tiên,2026-11-05,1.4,0.5,0.9,18
Hà Tiên,2026-11-06,1.5,0.5,1.0,13
Hà Tiên,2026-11-07,1.6,0.5,1.1,11
Hà Tiên,2026-11-08,1.6,0.4,1.2,7
Hà Tiên,2026-11-09,1.7,0.4,1.3,1
Hà Tiên,2026-11-10,1.7,0.4,1.3,1
Hà Tiên,2026-11-11,1.6,0.5,1.1,11
Hà Tiên,2026-11-12,1.6,0.4,1.2,7
Hà Tiên,2026-11-13,1.5,0.5,1.0,13
Hà Tiên,2026-11-14,1.5,0.5,1.0,13
Hà Tiên,2026-11-15,1.4,0.6,0.8,22
Hà Tiên,2026-11-16,1.3,0.6,0.7,25
Hà Tiên,2026-11-17,1.3,0.6,0.7,25
Hà Tiên,2026-11-18,1.4,0.6,0.8,22
Hà Tiên,2026-11-19,1.4,0.5,0.9,18
Hà Tiên,2026-11-20,1.4,0.5,0.9,18
Hà Tiên,2026-11-21,1.5,0.5,1.0,13
Hà Tiên,2026-11-22,1.6,0.4,1.2,7
Hà Tiên,2026-11-23,1.7,0.4,1.3,1
Hà Tiên,2026-11-24,1.7,0.4,1.3,1
Hà Tiên,2026-11-25,1.7,0.4,1.3,1
Hà Tiên,2026-11-26,1.7,0.4,1.3,1
Hà Tiên,2026-11-27,1.6,0.4,1.2,7
Hà Tiên,2026-11-28,1.5,0.5,1.0,13
Hà Tiên,2026-11-29,1.4,0.5,0.9,18
Hà Tiên,2026-11-30,1.3,0.6,0.7,25
Hà Tiên,2026-12-01,1.3,0.6,0.7,27
Hà Tiên,2026-12-02,1.3,0.6,0.7,27
Hà Tiên,2026-12-03,1.3,0.6,0.7,27
Hà Tiên,2026-12-04,1.4,0.5,0.9,18
Hà Tiên,2026-12-05,1.4,0.5,0.9,18
Hà Tiên,2026-12-06,1.5,0.5,1.0,13
Hà Tiên,2026-12-07,1.6,0.4,1.2,7
Hà Tiên,2026-12-08,1.7,0.4,1.3,1
Hà Tiên,2026-12-09,1.7,0.4,1.3,1
Hà Tiên,2026-12-10,1.7,0.4,1.3,1
Hà Tiên,2026-12-11,1.6,0.5,1.1,10
Hà Tiên,2026-12-12,1.6,0.5,1.1,10
Hà Tiên,2026-12-13,1.5,0.5,1.0,13
Hà Tiên,2026-12-14,1.4,0.5,0.9,18
Hà Tiên,2026-12-15,1.4,0.6,0.8,22
Hà Tiên,2026-12-16,1.3,0.6,0.7,27
Hà Tiên,2026-12-17,1.3,0.5,0.8,22
Hà Tiên,2026-12-18,1.4,0.5,0.9,18
Hà Tiên,2026-12-19,1.4,0.6,0.8,22
Hà Tiên,2026-12-20,1.5,0.4,1.1,10
Hà Tiên,2026-12-21,1.5,0.5,1.0,13
Hà Tiên,2026-12-22,1.6,0.4,1.2,7
Hà Tiên,2026-12-23,1.7,0.4,1.3,1
Hà Tiên,2026-12-24,1.7,0.4,1.3,1
Hà Tiên,2026-12-25,1.7,0.4,1.3,1
Hà Tiên,2026-12-26,1.6,0.4,1.2,7
Hà Tiên,2026-12-27,1.5,0.5,1.0,13
Hà Tiên,2026-12-28,1.5,0.5,1.0,13
Hà Tiên,2026-12-29,1.4,0.6,0.8,22
Hà Tiên,2026-12-30,1.4,0.6,0.8,22
Hà Tiên,2026-12-31,1.3,0.6,0.7,27
Trường Sa,2026-01-01,1.7,0.4,1.3,11
Trường Sa,2026-01-02,1.8,0.3,1.5,1
Trường Sa,2026-01-03,1.8,0.3,1.5,1
Trường Sa,2026-01-04,1.8,0.3,1.5,1
Trường Sa,2026-01-05,1.8,0.3,1.5,1
Trường Sa,2026-01-06,1.8,0.3,1.5,1
Trường Sa,2026-01-07,1.6,0.4,1.2,14
Trường Sa,2026-01-08,1.5,0.4,1.1,20
Trường Sa,2026-01-09,1.5,0.5,1.0,22
Trường Sa,2026-01-10,1.4,0.5,0.9,24
Trường Sa,2026-01-11,1.4,0.5,0.9,24
Trường Sa,2026-01-12,1.4,0.5,0.9,24
Trường Sa,2026-01-13,1.4,0.5,0.9,24
Trường Sa,2026-01-14,1.5,0.4,1.1,20
Trường Sa,2026-01-15,1.6,0.4,1.2,14
Trường Sa,2026-01-16,1.7,0.4,1.3,11
Trường Sa,2026-01-17,1.8,0.3,1.5,1
Trường Sa,2026-01-18,1.8,0.3,1.5,1
Trường Sa,2026-01-19,1.8,0.3,1.5,1
Trường Sa,2026-01-20,1.8,0.3,1.5,1
Trường Sa,2026-01-21,1.7,0.3,1.4,10
Trường Sa,2026-01-22,1.6,0.4,1.2,14
Trường Sa,2026-01-23,1.6,0.4,1.2,14
Trường Sa,2026-01-24,1.4,0.5,0.9,24
Trường Sa,2026-01-25,1.4,0.5,0.9,24
Trường Sa,2026-01-26,1.4,0.5,0.9,24
Trường Sa,2026-01-27,1.4,0.5,0.9,24
Trường Sa,2026-01-28,1.5,0.5,1.0,22
Trường Sa,2026-01-29,1.6,0.4,1.2,14
Trường Sa,2026-01-30,1.6,0.4,1.2,14
Trường Sa,2026-01-31,1.7,0.4,1.3,11
Trường Sa,2026-02-01,1.8,0.3,1.5,2
Trường Sa,2026-02-02,1.8,0.3,1.5,2
Trường Sa,2026-02-03,1.8,0.3,1.5,2
Trường Sa,2026-02-04,1.8,0.3,1.5,2
Trường Sa,2026-02-05,1.7,0.4,1.3,10
Trường Sa,2026-02-06,1.6,0.4,1.2,12
Trường Sa,2026-02-07,1.5,0.4,1.1,17
Trường Sa,2026-02-08,1.4,0.5,0.9,21
Trường Sa,2026-02-09,1.4,0.5,0.9,21
Trường Sa,2026-02-10,1.4,0.5,0.9,21
Trường Sa,2026-02-11,1.4,0.5,0.9,21
Trường Sa,2026-02-12,1.5,0.4,1.1,17
Trường Sa,2026-02-13,1.6,0.4,1.2,12
Trường Sa,2026-02-14,1.7,0.4,1.3,10
Trường Sa,2026-02-15,1.8,0.3,1.5,2
Trường Sa,2026-02-16,1.8,0.3,1.5,2
Trường Sa,2026-02-17,1.9,0.3,1.6,1
Trường Sa,2026-02-18,1.8,0.3,1.5,2
Trường Sa,2026-02-19,1.7,0.3,1.4,9
Trường Sa,2026-02-20,1.6,0.4,1.2,12
Trường Sa,2026-02-21,1.6,0.4,1.2,12
Trường Sa,2026-02-22,1.5,0.4,1.1,17
Trường Sa,2026-02-23,1.4,0.5,0.9,21
Trường Sa,2026-02-24,1.4,0.5,0.9,21
Trường Sa,2026-02-25,1.4,0.5,0.9,21
Trường Sa,2026-02-26,1.4,0.5,0.9,21
Trường Sa,2026-02-27,1.5,0.4,1.1,17
Trường Sa,2026-02-28,1.6,0.4,1.2,12
Trường Sa,2026-03-01,1.7,0.4,1.3,12
Trường Sa,2026-03-02,1.8,0.3,1.5,2
Trường Sa,2026-03-03,1.8,0.3,1.5,2
Trường Sa,2026-03-04,1.9,0.3,1.6,1
Trường Sa,2026-03-05,1.8,0.3,1.5,2
Trường Sa,2026-03-06,1.8,0.3,1.5,2
Trường Sa,2026-03-07,1.7,0.4,1.3,12
Trường Sa,2026-03-08,1.5,0.5,1.0,20
Trường Sa,2026-03-09,1.5,0.5,1.0,20
Trường Sa,2026-03-10,1.4,0.5,0.9,26
Trường Sa,2026-03-11,1.3,0.5,0.8,31
Trường Sa,2026-03-12,1.4,0.5,0.9,26
Trường Sa,2026-03-13,1.5,0.5,1.0,20
Trường Sa,2026-03-14,1.5,0.4,1.1,18
Trường Sa,2026-03-15,1.6,0.4,1.2,16
Trường Sa,2026-03-16,1.7,0.4,1.3,12
Trường Sa,2026-03-17,1.8,0.3,1.5,2
Trường Sa,2026-03-18,1.8,0.3,1.5,2
Trường Sa,2026-03-19,1.8,0.3,1.5,2
Trường Sa,2026-03-20,1.8,0.3,1.5,2
Trường Sa,2026-03-21,1.7,0.3,1.4,10
Trường Sa,2026-03-22,1.6,0.4,1.2,16
Trường Sa,2026-03-23,1.5,0.5,1.0,20
Trường Sa,2026-03-24,1.5,0.5,1.0,20
Trường Sa,2026-03-25,1.4,0.5,0.9,26
Trường Sa,2026-03-26,1.4,0.5,0.9,26
Trường Sa,2026-03-27,1.4,0.5,0.9,26
Trường Sa,2026-03-28,1.5,0.5,1.0,20
Trường Sa,2026-03-29,1.5,0.4,1.1,18
Trường Sa,2026-03-30,1.6,0.3,1.3,12
Trường Sa,2026-03-31,1.7,0.3,1.4,10
Trường Sa,2026-04-01,1.8,0.3,1.5,1
Trường Sa,2026-04-02,1.8,0.3,1.5,1
Trường Sa,2026-04-03,1.8,0.3,1.5,1
Trường Sa,2026-04-04,1.8,0.3,1.5,1
Trường Sa,2026-04-05,1.7,0.3,1.4,11
Trường Sa,2026-04-06,1.6,0.4,1.2,15
Trường Sa,2026-04-07,1.5,0.5,1.0,20
Trường Sa,2026-04-08,1.4,0.5,0.9,24
Trường Sa,2026-04-09,1.4,0.5,0.9,24
Trường Sa,2026-04-10,1.4,0.5,0.9,24
Trường Sa,2026-04-11,1.4,0.5,0.9,24
Trường Sa,2026-04-12,1.5,0.5,1.0,20
Trường Sa,2026-04-13,1.6,0.4,1.2,15
Trường Sa,2026-04-14,1.7,0.4,1.3,13
Trường Sa,2026-04-15,1.8,0.3,1.5,1
Trường Sa,2026-04-16,1.8,0.3,1.5,1
Trường Sa,2026-04-17,1.8,0.3,1.5,1
Trường Sa,2026-04-18,1.8,0.3,1.5,1
Trường Sa,2026-04-19,1.8,0.3,1.5,1
Trường Sa,2026-04-20,1.7,0.4,1.3,13
Trường Sa,2026-04-21,1.6,0.4,1.2,15
Trường Sa,2026-04-22,1.5,0.4,1.1,19
Trường Sa,2026-04-23,1.4,0.4,1.0,20
Trường Sa,2026-04-24,1.4,0.5,0.9,24
Trường Sa,2026-04-25,1.4,0.5,0.9,24
Trường Sa,2026-04-26,1.4,0.5,0.9,24
Trường Sa,2026-04-27,1.5,0.5,1.0,20
Trường Sa,2026-04-28,1.6,0.4,1.2,15
Trường Sa,2026-04-29,1.7,0.3,1.4,11
Trường Sa,2026-04-30,1.8,0.3,1.5,1
Trường Sa,2026-05-01,1.8,0.3,1.5,1
Trường Sa,2026-05-02,1.8,0.3,1.5,1
Trường Sa,2026-05-03,1.8,0.3,1.5,1
Trường Sa,2026-05-04,1.7,0.3,1.4,8
Trường Sa,2026-05-05,1.7,0.4,1.3,13
Trường Sa,2026-05-06,1.5,0.4,1.1,18
Trường Sa,2026-05-07,1.4,0.5,0.9,22
Trường Sa,2026-05-08,1.4,0.5,0.9,22
Trường Sa,2026-05-09,1.4,0.5,0.9,22
Trường Sa,2026-05-10,1.4,0.5,0.9,22
Trường Sa,2026-05-11,1.4,0.5,0.9,22
Trường Sa,2026-05-12,1.5,0.4,1.1,18
Trường Sa,2026-05-13,1.6,0.4,1.2,16
Trường Sa,2026-05-14,1.7,0.4,1.3,13
Trường Sa,2026-05-15,1.8,0.3,1.5,1
Trường Sa,2026-05-16,1.8,0.3,1.5,1
Trường Sa,2026-05-17,1.8,0.3,1.5,1
Trường Sa,2026-05-18,1.7,0.3,1.4,8
Trường Sa,2026-05-19,1.7,0.3,1.4,8
Trường Sa,2026-05-20,1.6,0.4,1.2,16
Trường Sa,2026-05-21,1.5,0.4,1.1,18
Trường Sa,2026-05-22,1.4,0.5,0.9,22
Trường Sa,2026-05-23,1.4,0.5,0.9,22
Trường Sa,2026-05-24,1.4,0.5,0.9,22
Trường Sa,2026-05-25,1.4,0.5,0.9,22
Trường Sa,2026-05-26,1.4,0.5,0.9,22
Trường Sa,2026-05-27,1.5,0.4,1.1,18
Trường Sa,2026-05-28,1.7,0.4,1.3,13
Trường Sa,2026-05-29,1.7,0.3,1.4,8
Trường Sa,2026-05-30,1.7,0.3,1.4,8
Trường Sa,2026-05-31,1.8,0.3,1.5,1
Trường Sa,2026-06-01,1.8,0.3,1.5,2
Trường Sa,2026-06-02,1.8,0.3,1.5,2
Trường Sa,2026-06-03,1.7,0.4,1.3,11
Trường Sa,2026-06-04,1.6,0.4,1.2,13
Trường Sa,2026-06-05,1.5,0.5,1.0,19
Trường Sa,2026-06-06,1.4,0.5,0.9,23
Trường Sa,2026-06-07,1.4,0.5,0.9,23
Trường Sa,2026-06-08,1.4,0.5,0.9,23
Trường Sa,2026-06-09,1.4,0.5,0.9,23
Trường Sa,2026-06-10,1.5,0.5,1.0,19
Trường Sa,2026-06-11,1.6,0.4,1.2,13
Trường Sa,2026-06-12,1.6,0.4,1.2,13
Trường Sa,2026-06-13,1.8,0.3,1.5,2
Trường Sa,2026-06-14,1.8,0.3,1.5,2
Trường Sa,2026-06-15,1.8,0.3,1.5,2
Trường Sa,2026-06-16,1.8,0.3,1.5,2
Trường Sa,2026-06-17,1.8,0.3,1.5,2
Trường Sa,2026-06-18,1.6,0.4,1.2,13
Trường Sa,2026-06-19,1.6,0.4,1.2,13
Trường Sa,2026-06-20,1.4,0.4,1.0,19
Trường Sa,2026-06-21,1.4,0.5,0.9,23
Trường Sa,2026-06-22,1.4,0.5,0.9,23
Trường Sa,2026-06-23,1.4,0.5,0.9,23
Trường Sa,2026-06-24,1.4,0.5,0.9,23
Trường Sa,2026-06-25,1.5,0.5,1.0,19
Trường Sa,2026-06-26,1.6,0.4,1.2,13
Trường Sa,2026-06-27,1.7,0.3,1.4,10
Trường Sa,2026-06-28,1.7,0.4,1.3,11
Trường Sa,2026-06-29,1.8,0.3,1.5,2
Trường Sa,2026-06-30,1.8,0.2,1.6,1
Trường Sa,2026-07-01,1.8,0.3,1.5,1
Trường Sa,2026-07-02,1.7,0.3,1.4,10
Trường Sa,2026-07-03,1.7,0.4,1.3,12
Trường Sa,2026-07-04,1.6,0.4,1.2,16
Trường Sa,2026-07-05,1.5,0.4,1.1,19
Trường Sa,2026-07-06,1.4,0.5,0.9,26
Trường Sa,2026-07-07,1.4,0.6,0.8,30
Trường Sa,2026-07-08,1.4,0.5,0.9,26
Trường Sa,2026-07-09,1.4,0.4,1.0,24
Trường Sa,2026-07-10,1.5,0.4,1.1,19
Trường Sa,2026-07-11,1.6,0.4,1.2,16
Trường Sa,2026-07-12,1.7,0.4,1.3,12
Trường Sa,2026-07-13,1.8,0.3,1.5,1
Trường Sa,2026-07-14,1.8,0.3,1.5,1
Trường Sa,2026-07-15,1.8,0.3,1.5,1
Trường Sa,2026-07-16,1.8,0.3,1.5,1
Trường Sa,2026-07-17,1.7,0.3,1.4,10
Trường Sa,2026-07-18,1.6,0.4,1.2,16
Trường Sa,2026-07-19,1.5,0.4,1.1,19
Trường Sa,2026-07-20,1.4,0.4,1.0,24
Trường Sa,2026-07-21,1.4,0.5,0.9,26
Trường Sa,2026-07-22,1.3,0.5,0.8,30
Trường Sa,2026-07-23,1.4,0.5,0.9,26
Trường Sa,2026-07-24,1.5,0.4,1.1,19
Trường Sa,2026-07-25,1.5,0.4,1.1,19
Trường Sa,2026-07-26,1.7,0.4,1.3,12
Trường Sa,2026-07-27,1.7,0.4,1.3,12
Trường Sa,2026-07-28,1.8,0.3,1.5,1
Trường Sa,2026-07-29,1.8,0.3,1.5,1
Trường Sa,2026-07-30,1.8,0.3,1.5,1
Trường Sa,2026-07-31,1.8,0.3,1.5,1
Trường Sa,2026-08-01,1.7,0.4,1.3,11
Trường Sa,2026-08-02,1.6,0.4,1.2,15
Trường Sa,2026-08-03,1.5,0.4,1.1,20
Trường Sa,2026-08-04,1.4,0.5,0.9,24
Trường Sa,2026-08-05,1.4,0.5,0.9,24
Trường Sa,2026-08-06,1.4,0.5,0.9,24
Trường Sa,2026-08-07,1.4,0.5,0.9,24
Trường Sa,2026-08-08,1.5,0.5,1.0,21
Trường Sa,2026-08-09,1.6,0.4,1.2,15
Trường Sa,2026-08-10,1.6,0.4,1.2,15
Trường Sa,2026-08-11,1.8,0.3,1.5,1
Trường Sa,2026-08-12,1.8,0.3,1.5,1
Trường Sa,2026-08-13,1.8,0.3,1.5,1
Trường Sa,2026-08-14,1.8,0.3,1.5,1
Trường Sa,2026-08-15,1.8,0.3,1.5,1
Trường Sa,2026-08-16,1.7,0.4,1.3,11
Trường Sa,2026-08-17,1.6,0.4,1.2,15
Trường Sa,2026-08-18,1.5,0.5,1.0,21
Trường Sa,2026-08-19,1.4,0.5,0.9,24
Trường Sa,2026-08-20,1.4,0.5,0.9,24
Trường Sa,2026-08-21,1.4,0.5,0.9,24
Trường Sa,2026-08-22,1.4,0.5,0.9,24
Trường Sa,2026-08-23,1.5,0.5,1.0,21
Trường Sa,2026-08-24,1.6,0.4,1.2,15
Trường Sa,2026-08-25,1.7,0.4,1.3,11
Trường Sa,2026-08-26,1.8,0.3,1.5,1
Trường Sa,2026-08-27,1.8,0.3,1.5,1
Trường Sa,2026-08-28,1.8,0.3,1.5,1
Trường Sa,2026-08-29,1.8,0.3,1.5,1
Trường Sa,2026-08-30,1.7,0.3,1.4,10
Trường Sa,2026-08-31,1.7,0.4,1.3,11
Trường Sa,2026-09-01,1.5,0.4,1.1,19
Trường Sa,2026-09-02,1.5,0.5,1.0,21
Trường Sa,2026-09-03,1.4,0.5,0.9,24
Trường Sa,2026-09-04,1.4,0.5,0.9,24
Trường Sa,2026-09-05,1.4,0.5,0.9,24
Trường Sa,2026-09-06,1.4,0.5,0.9,24
Trường Sa,2026-09-07,1.5,0.4,1.1,19
Trường Sa,2026-09-08,1.6,0.4,1.2,14
Trường Sa,2026-09-09,1.7,0.3,1.4,9
Trường Sa,2026-09-10,1.8,0.3,1.5,1
Trường Sa,2026-09-11,1.8,0.3,1.5,1
Trường Sa,2026-09-12,1.8,0.3,1.5,1
Trường Sa,2026-09-13,1.8,0.3,1.5,1
Trường Sa,2026-09-14,1.7,0.4,1.3,12
Trường Sa,2026-09-15,1.7,0.4,1.3,12
Trường Sa,2026-09-16,1.6,0.4,1.2,14
Trường Sa,2026-09-17,1.5,0.5,1.0,21
Trường Sa,2026-09-18,1.4,0.5,0.9,24
Trường Sa,2026-09-19,1.3,0.5,0.8,30
Trường Sa,2026-09-20,1.4,0.5,0.9,24
Trường Sa,2026-09-21,1.5,0.5,1.0,21
Trường Sa,2026-09-22,1.6,0.4,1.2,14
Trường Sa,2026-09-23,1.6,0.4,1.2,14
Trường Sa,2026-09-24,1.7,0.3,1.4,9
Trường Sa,2026-09-25,1.8,0.3,1.5,1
Trường Sa,2026-09-26,1.8,0.3,1.5,1
Trường Sa,2026-09-27,1.8,0.3,1.5,1
Trường Sa,2026-09-28,1.8,0.3,1.5,1
Trường Sa,2026-09-29,1.7,0.3,1.4,9
Trường Sa,2026-09-30,1.6,0.4,1.2,14
Trường Sa,2026-10-01,1.5,0.5,1.0,20
Trường Sa,2026-10-02,1.5,0.5,1.0,20
Trường Sa,2026-10-03,1.3,0.5,0.8,31
Trường Sa,2026-10-04,1.4,0.5,0.9,25
Trường Sa,2026-10-05,1.4,0.5,0.9,25
Trường Sa,2026-10-06,1.5,0.5,1.0,20
Trường Sa,2026-10-07,1.6,0.4,1.2,15
Trường Sa,2026-10-08,1.7,0.4,1.3,9
Trường Sa,2026-10-09,1.7,0.3,1.4,8
Trường Sa,2026-10-10,1.8,0.3,1.5,1
Trường Sa,2026-10-11,1.8,0.3,1.5,1
Trường Sa,2026-10-12,1.8,0.3,1.5,1
Trường Sa,2026-10-13,1.8,0.3,1.5,1
Trường Sa,2026-10-14,1.7,0.4,1.3,9
Trường Sa,2026-10-15,1.6,0.4,1.2,15
Trường Sa,2026-10-16,1.5,0.5,1.0,20
Trường Sa,2026-10-17,1.4,0.5,0.9,25
Trường Sa,2026-10-18,1.4,0.5,0.9,25
Trường Sa,2026-10-19,1.4,0.5,0.9,25
Trường Sa,2026-10-20,1.4,0.5,0.9,25
Trường Sa,2026-10-21,1.5,0.4,1.1,19
Trường Sa,2026-10-22,1.6,0.4,1.2,15
Trường Sa,2026-10-23,1.7,0.4,1.3,9
Trường Sa,2026-10-24,1.7,0.4,1.3,9
Trường Sa,2026-10-25,1.8,0.3,1.5,1
Trường Sa,2026-10-26,1.8,0.3,1.5,1
Trường Sa,2026-10-27,1.8,0.3,1.5,1
Trường Sa,2026-10-28,1.7,0.4,1.3,9
Trường Sa,2026-10-29,1.7,0.4,1.3,9
Trường Sa,2026-10-30,1.6,0.4,1.2,15
Trường Sa,2026-10-31,1.5,0.5,1.0,20
Trường Sa,2026-11-01,1.4,0.5,0.9,23
Trường Sa,2026-11-02,1.4,0.5,0.9,23
Trường Sa,2026-11-03,1.4,0.5,0.9,23
Trường Sa,2026-11-04,1.4,0.5,0.9,23
Trường Sa,2026-11-05,1.5,0.5,1.0,19
Trường Sa,2026-11-06,1.6,0.4,1.2,14
Trường Sa,2026-11-07,1.7,0.3,1.4,8
Trường Sa,2026-11-08,1.8,0.4,1.4,8
Trường Sa,2026-11-09,1.8,0.3,1.5,1
Trường Sa,2026-11-10,1.8,0.3,1.5,1
Trường Sa,2026-11-11,1.8,0.3,1.5,1
Trường Sa,2026-11-12,1.7,0.3,1.4,8
Trường Sa,2026-11-13,1.7,0.4,1.3,12
Trường Sa,2026-11-14,1.5,0.4,1.1,17
Trường Sa,2026-11-15,1.5,0.5,1.0,19
Trường Sa,2026-11-16,1.4,0.5,0.9,23
Trường Sa,2026-11-17,1.4,0.5,0.9,23
Trường Sa,2026-11-18,1.4,0.5,0.9,23
Trường Sa,2026-11-19,1.5,0.5,1.0,19
Trường Sa,2026-11-20,1.5,0.5,1.0,19
Trường Sa,2026-11-21,1.6,0.4,1.2,14
Trường Sa,2026-11-22,1.7,0.3,1.4,8
Trường Sa,2026-11-23,1.8,0.3,1.5,1
Trường Sa,2026-11-24,1.8,0.3,1.5,1
Trường Sa,2026-11-25,1.8,0.3,1.5,1
Trường Sa,2026-11-26,1.8,0.3,1.5,1
Trường Sa,2026-11-27,1.7,0.4,1.3,12
Trường Sa,2026-11-28,1.6,0.4,1.2,14
Trường Sa,2026-11-29,1.5,0.4,1.1,17
Trường Sa,2026-11-30,1.4,0.5,0.9,23
Trường Sa,2026-12-01,1.4,0.5,0.9,23
Trường Sa,2026-12-02,1.3,0.5,0.8,31
Trường Sa,2026-12-03,1.4,0.5,0.9,23
Trường Sa,2026-12-04,1.5,0.5,1.0,20
Trường Sa,2026-12-05,1.6,0.4,1.2,14
Trường Sa,2026-12-06,1.6,0.3,1.3,12
Trường Sa,2026-12-07,1.7,0.3,1.4,9
Trường Sa,2026-12-08,1.8,0.3,1.5,2
Trường Sa,2026-12-09,1.8,0.3,1.5,2
Trường Sa,2026-12-10,1.8,0.3,1.5,2
Trường Sa,2026-12-11,1.8,0.3,1.5,2
Trường Sa,2026-12-12,1.7,0.3,1.4,9
Trường Sa,2026-12-13,1.6,0.4,1.2,14
Trường Sa,2026-12-14,1.5,0.5,1.0,20
Trường Sa,2026-12-15,1.4,0.5,0.9,23
Trường Sa,2026-12-16,1.4,0.5,0.9,23
Trường Sa,2026-12-17,1.4,0.5,0.9,23
Trường Sa,2026-12-18,1.4,0.5,0.9,23
Trường Sa,2026-12-19,1.5,0.4,1.1,18
Trường Sa,2026-12-20,1.6,0.4,1.2,14
Trường Sa,2026-12-21,1.6,0.4,1.2,14
Trường Sa,2026-12-22,1.8,0.3,1.5,2
Trường Sa,2026-12-23,1.8,0.3,1.5,2
Trường Sa,2026-12-24,1.9,0.3,1.6,1
Trường Sa,2026-12-25,1.8,0.3,1.5,2
Trường Sa,2026-12-26,1.7,0.3,1.4,9
Trường Sa,2026-12-27,1.7,0.4,1.3,12
Trường Sa,2026-12-28,1.5,0.4,1.1,18
Trường Sa,2026-12-29,1.5,0.5,1.0,20
Trường Sa,2026-12-30,1.4,0.5,0.9,23
Trường Sa,2026-12-31,1.4,0.5,0.9,23
